26.0100,7.9860,7.8860,500.4000,0.1172,3.9810,15.4800,0.4447
25.4300,7.8480,6.7330,502.2000,0.1172,3.9810,14.7000,0.4447
24.9700,7.7700,6.0640,503.5000,0.1144,4.0440,14.5700,0.4843
24.9200,7.7880,6.3900,504.5000,0.1264,4.2260,13.3600,0.4489
25.8600,8.1140,9.6210,502.5000,0.1274,4.3320,14.0400,0.3536
26.2200,8.4640,12.6290,501.2000,0.1311,4.1370,15.7400,0.2892
25.2200,8.2090,9.9170,505.1000,0.1218,3.9780,15.4400,0.2912
24.6400,8.0140,8.3190,509.8000,0.1218,3.9780,14.1400,0.2912
23.9900,7.8760,7.1920,510.6000,0.1223,3.9390,14.0100,0.3612
24.2300,7.9050,7.6640,511.6000,0.1295,4.0180,12.9700,0.3385
25.5100,8.1880,10.7780,507.2000,0.1247,3.8660,13.0800,0.2584
25.6800,8.4680,13.0290,505.2000,0.1262,3.8770,15.9400,0.2200
24.6900,8.2060,10.1030,509.3000,0.1182,3.8120,15.4500,0.2366
24.1900,8.1600,9.3900,512.4000,0.1192,3.8360,13.5800,0.2195
23.7100,7.8690,7.1490,516.1000,0.1216,3.8540,13.6400,0.2800
23.9500,7.9590,8.0030,515.7000,0.1201,3.8850,12.7800,0.2355
25.1900,8.1490,10.2300,511.4000,0.1184,3.6410,13.4000,0.1919
25.6100,8.4410,12.5960,509.3000,0.1164,3.7270,14.7300,0.1467
24.9000,8.2390,10.4630,509.8000,0.1104,3.6860,15.2100,0.1413
24.4000,8.1220,9.0320,515.2000,0.1104,3.6860,14.1500,0.1413
24.1300,7.9950,7.9680,517.2000,0.1088,3.7360,13.3600,0.1444
24.3300,8.0250,8.3390,517.5000,0.1106,3.9460,12.4700,0.1379
25.4100,8.3400,11.5920,512.3000,0.1086,3.7650,13.6500,0.0799
25.9100,8.6200,14.5560,506.7000,0.1059,3.6180,14.6800,0.0715
25.1800,8.3650,11.0770,511.5000,0.1028,3.6870,15.0000,0.0979
24.5500,8.2160,9.7920,515.2000,0.1028,3.6870,13.5100,0.0979
24.2700,8.0070,8.1940,517.6000,0.1004,3.6910,12.6000,0.1405
24.2100,7.9590,7.8740,518.7000,0.1029,3.6080,12.8700,0.1359
25.8300,8.2660,10.7200,516.8000,0.0990,3.5050,11.7800,0.0745
24.8000,8.0600,8.9600,519.3000,0.0881,4.0190,14.6800,0.0978
24.6200,8.2360,9.7510,519.9000,0.0881,4.0190,12.0500,0.0978
24.2400,7.9750,7.8000,523.2000,0.0959,3.9590,12.2000,0.1137
24.3400,7.9280,7.5690,524.4000,0.0050,3.9430,12.2300,0.1212
24.9400,7.9560,8.2050,522.0000,0.1045,3.8370,13.7000,0.1219
25.1500,8.0250,8.6250,523.8000,0.1034,4.0020,14.9400,0.1298
24.7700,7.8900,7.2940,526.6000,0.0982,3.9480,15.5800,0.1415
24.5100,7.9150,7.2490,527.8000,0.0982,3.9480,13.0000,0.1415
24.3000,7.8550,6.7160,528.6000,0.0965,3.8430,12.7100,0.1337
24.4400,7.8340,6.5770,529.7000,0.1032,3.9400,12.5900,0.1516
25.2800,7.9680,8.0120,529.1000,0.1021,4.0350,13.2900,0.1424
25.0500,8.0060,8.2830,529.0000,0.1021,4.0350,15.2300,0.1424
24.4800,7.8990,6.9940,533.3000,0.1034,3.9690,15.5400,0.1559
24.1200,7.8570,6.4550,534.9000,0.1034,3.9690,14.2000,0.1559
23.8600,7.8110,6.0520,535.2000,0.1054,4.0280,13.6900,0.1890
23.9000,7.8130,6.1020,536.0000,0.1123,3.9690,13.6700,0.1903
24.6800,7.9330,7.4450,534.4000,0.1207,4.0300,14.8700,0.1729
24.7900,8.0890,8.3490,534.6000,0.1189,4.0560,16.3600,0.1537
22.3400,7.8760,6.5040,549.5000,0.1403,4.0090,17.0500,0.1581
23.4000,7.9790,8.3060,541.8000,0.1388,3.9090,15.7900,0.1449
23.7500,8.3220,10.3160,541.1000,0.1348,3.9340,19.0000,0.1035
23.1400,8.3420,9.9110,544.3000,0.1704,4.0090,20.6900,0.0893
22.5400,8.2110,8.1930,547.9000,0.1704,4.0090,18.4700,0.0893
22.1000,8.1210,7.6320,547.7000,0.1411,4.0260,17.7100,0.1109
22.2300,8.1510,7.9900,547.5000,0.1459,3.8450,16.9700,0.0916
22.6300,8.2290,8.8580,545.5000,0.1424,3.9010,18.0000,0.0934
22.2300,8.1580,7.9940,536.6000,0.1440,3.9490,21.1400,0.1197
21.9600,7.9380,6.3020,536.7000,0.1535,3.9000,21.0000,0.1693
21.7000,7.8510,5.7820,542.6000,0.1535,3.9000,19.5400,0.1693
21.4400,7.7910,5.3790,542.2000,0.1462,3.8640,20.0500,0.2159
21.4900,7.8070,5.3540,542.3000,0.1643,3.8570,20.2200,0.2229
21.6900,7.8370,5.7560,540.3000,0.1494,3.9140,18.8900,0.2181
21.5700,7.8180,5.5830,539.8000,0.1543,3.8800,19.2100,0.2347
21.2800,7.7680,5.1240,541.1000,0.1466,3.8770,20.0400,0.2453
21.1400,7.8140,5.3250,541.5000,0.1466,3.8770,19.8500,0.2453
21.0200,7.7630,5.1560,530.6000,0.1517,3.7600,19.5500,0.2585
21.0700,7.7290,4.7710,535.3000,0.1532,3.8230,19.9700,0.2655
21.6200,7.7580,5.5130,532.5000,0.1542,3.7760,21.0700,0.2589
21.9200,7.8990,6.4680,535.2000,0.1642,4.0260,22.7300,0.2367
21.5900,7.6900,4.6840,538.2000,0.1515,3.9290,20.2500,0.2628
21.3600,7.6620,4.3680,541.2000,0.1515,3.9290,19.8900,0.2628
21.0700,7.6510,4.3400,542.2000,0.1518,4.0660,19.8700,0.2743
21.2700,7.6940,4.7590,543.9000,0.1502,4.1360,19.1600,0.2687
21.7400,7.7200,5.4340,541.6000,0.1491,4.2210,20.3000,0.2589
21.6800,7.6890,5.2130,542.0000,0.1479,4.2670,22.3700,0.2813
21.5000,7.6440,4.8500,543.8000,0.1518,4.3690,19.3400,0.2954
21.3600,7.6350,4.8880,544.6000,0.1518,4.3690,21.1400,0.2954
21.0500,7.6000,4.7320,545.7000,0.1454,4.3990,20.5900,0.3157
21.2200,7.6320,5.0680,550.4000,0.1463,4.5420,19.3100,0.3288
22.3800,7.7650,6.6780,550.1000,0.1479,4.5570,19.0100,0.3065
22.6900,7.9720,8.3590,552.3000,0.1569,4.6320,19.9500,0.3276
21.9400,7.8760,7.5800,555.2000,0.1699,4.6990,18.6500,0.4007
21.5000,7.7790,6.6890,556.4000,0.1699,4.6990,20.6800,0.4007
21.0000,7.6850,5.7580,558.4000,0.1784,4.8030,21.2200,0.4778
21.1900,7.6830,5.7940,560.3000,0.1885,4.7850,20.2000,0.4936
22.2300,7.7750,6.9510,556.0000,0.1829,4.7450,21.4800,0.4567
22.1200,7.7820,6.8610,560.8000,0.1764,4.9640,23.1500,0.4879
21.5500,7.6870,6.0270,559.4000,0.1692,4.7020,22.7000,0.4846
21.3900,7.6710,5.6140,562.6000,0.1692,4.7020,25.0800,0.4846
21.1000,7.6410,5.4690,564.6000,0.1825,4.8740,25.4900,0.5557
21.1300,7.6500,5.8370,565.8000,0.1794,4.8910,22.9500,0.5756
22.0500,7.8070,7.4030,566.2000,0.1822,4.8980,22.1700,0.5671
22.0500,7.9030,8.2820,562.6000,0.1764,4.9680,22.9500,0.5552
21.0800,7.7560,6.8080,564.7000,0.1688,4.9050,22.1400,0.5621
20.6000,7.6890,6.1660,569.0000,0.1688,4.9050,23.6200,0.5621
20.2000,7.6320,5.5090,569.6000,0.1707,5.0680,23.6400,0.6463
20.4500,7.6570,5.8590,571.3000,0.1683,5.0020,21.7500,0.6310
21.5200,7.7980,7.5200,569.0000,0.1675,4.9560,21.2600,0.5639
21.9600,8.0690,9.5570,568.8000,0.1621,5.0330,21.6100,0.4943
21.1000,7.9880,8.6770,570.8000,0.1421,5.0850,19.8400,0.4647
20.4200,7.8660,7.6480,571.2000,0.1421,5.0850,20.6100,0.4647
19.9800,7.7590,6.7620,572.7000,0.1462,4.8840,20.7200,0.4498
20.1700,7.7610,6.8740,573.3000,0.1544,5.0000,20.0300,0.4385
21.1300,7.8530,7.9890,571.9000,0.1609,5.0650,20.2700,0.4526
21.1500,7.8730,8.3750,574.1000,0.1462,5.0110,21.8600,0.4637
20.6000,7.7950,7.5500,572.5000,0.1324,4.9080,20.6600,0.4031
20.2800,7.7930,7.4630,574.8000,0.1324,4.9080,21.1800,0.4031
20.2600,7.7700,7.0970,575.8000,0.1340,4.9010,20.4700,0.3499
20.2500,7.7050,6.5520,577.0000,0.1386,4.8620,19.8300,0.3505
21.1600,7.8460,8.0470,575.7000,0.1324,4.9500,19.3400,0.2989
21.1400,7.8550,8.1450,572.1000,0.1232,4.9340,21.3000,0.2958
20.6900,7.7740,7.2800,575.5000,0.1191,4.7870,19.8300,0.2872
20.2900,7.7170,6.6550,577.1000,0.1191,4.7870,20.8500,0.2872
20.1100,7.6760,6.2580,577.5000,0.1215,4.8650,21.0300,0.2907
20.3800,7.6960,6.5090,578.4000,0.1273,4.7590,19.9700,0.2829
20.9800,7.8020,7.6930,575.5000,0.1246,4.7970,21.4900,0.2542
20.5500,7.9350,8.6530,571.0000,0.1224,4.7430,21.1400,0.2203
19.6600,7.7980,7.2640,574.4000,0.1171,4.7410,23.0900,0.2292
19.0700,7.7750,7.0140,577.2000,0.1171,4.7410,22.4600,0.2292
18.6000,7.7260,6.5640,577.9000,0.1160,4.6770,22.2200,0.2502
18.7900,7.7510,6.8100,579.9000,0.1251,4.7990,22.3000,0.2515
19.5100,7.8670,7.9940,575.6000,0.1298,4.7520,21.8200,0.2210
19.5100,7.9350,8.9680,560.1000,0.1070,4.6260,22.8100,0.1740
18.7000,7.8800,8.0390,570.6000,0.1153,4.6540,26.8100,0.1855
18.1300,7.8390,7.4640,578.2000,0.1153,4.6540,23.4700,0.1855
17.7700,7.7950,7.1770,578.0000,0.1171,4.7260,23.1900,0.1812
17.7700,7.7910,7.2910,577.6000,0.1293,4.7480,22.4700,0.1816
18.9000,7.9030,8.2190,579.0000,0.1059,4.5920,23.2600,0.1764
19.0200,7.9980,8.8540,579.2000,0.1154,4.7170,22.5600,0.1655
18.5100,7.8830,8.3020,568.3000,0.1088,4.5900,24.8300,0.1515
18.3500,7.9790,8.6150,577.5000,0.1088,4.5900,19.3000,0.1515
18.1600,7.9810,8.5830,579.2000,0.1101,4.6950,19.3600,0.1031
18.2400,7.9490,8.4110,579.5000,0.1151,4.7200,18.8600,0.1084
19.4400,8.1170,9.7530,575.5000,0.1090,4.6810,18.7700,0.0945
19.6600,8.3860,11.7410,573.5000,0.1100,4.6730,17.9400,0.0600
19.2800,8.2430,10.5060,576.5000,0.1116,4.6950,21.4800,0.0611
18.5800,7.9580,8.3180,577.3000,0.1116,4.6950,25.1700,0.0611
18.2900,7.9080,8.2290,577.5000,0.1057,4.6950,19.8900,0.0960
18.4000,7.8780,8.0410,578.3000,0.1095,4.6950,18.5200,0.1085
19.4500,7.8280,8.4840,556.1000,0.0961,4.6950,20.0800,0.1120
19.3800,8.0660,9.8130,570.2000,0.1005,4.6440,19.9600,0.0914
18.9800,7.9150,8.5840,573.4000,0.0992,4.5180,23.9500,0.1173
18.5300,7.7430,7.0260,569.0000,0.0992,4.5180,32.0100,0.1173
18.1700,7.7560,6.9700,578.3000,0.0990,4.5060,22.9100,0.1578
18.3100,7.7660,7.1680,579.7000,0.1089,4.5050,20.7700,0.1614
19.0900,7.8140,8.0920,579.6000,0.1102,4.6380,20.3100,0.1598
19.4600,7.9720,9.2420,575.4000,0.0986,4.5560,20.3900,0.1437
18.7200,7.7880,7.9760,566.8000,0.1002,4.5200,30.5200,0.1692
18.0500,7.7950,7.6470,578.2000,0.1002,4.5200,22.5300,0.1692
17.8100,7.7880,7.6050,579.3000,0.1002,4.5200,20.9600,0.1692
17.9400,7.7880,7.6510,580.5000,0.1144,4.6650,20.7800,0.2048
19.1300,7.8900,8.9100,575.7000,0.1108,4.5700,20.9400,0.1833
19.3600,8.0600,10.0430,577.2000,0.1113,4.6560,21.1100,0.1834
18.8800,7.8570,8.8550,565.0000,0.1062,4.5740,26.6500,0.1861
18.2800,7.8370,8.1250,580.9000,0.1062,4.5740,24.5900,0.1861
17.9000,7.8280,7.9940,580.1000,0.1164,4.6540,21.7600,0.2225
17.9700,7.8620,8.2870,584.5000,0.1340,4.8480,20.5200,0.2364
19.2300,7.9860,9.5280,581.5000,0.1329,4.8080,21.3800,0.2186
19.1600,8.0520,9.8490,581.6000,0.1279,4.6260,24.4800,0.2233
18.4000,7.9280,8.8260,583.2000,0.1285,4.7840,25.2200,0.2376
17.9800,7.9220,8.7770,581.1000,0.1285,4.7840,21.4700,0.2376
17.7100,7.8460,8.2160,581.7000,0.1275,4.7670,21.4300,0.2271
17.7800,7.8410,8.1220,584.0000,0.1346,4.8100,20.8300,0.2371
19.0100,7.9630,9.2720,581.9000,0.1349,4.7750,20.9800,0.2224
18.8200,8.0250,9.5470,583.5000,0.1331,4.8010,22.9400,0.2280
18.2000,7.8980,8.4680,585.5000,0.1321,4.9260,26.7300,0.2387
17.9500,7.8200,7.9370,580.3000,0.1321,4.9260,26.1600,0.2387
17.7600,7.8480,8.1120,581.7000,0.1240,4.8390,22.9700,0.2047
17.7800,7.7900,7.7210,581.0000,0.1315,4.8090,21.5300,0.2092
18.2400,7.8000,8.1060,581.6000,0.1164,4.7280,21.2500,0.2119
17.9100,7.6690,8.1130,532.4000,0.0968,4.5300,20.4000,0.2049
17.7100,7.8410,8.0520,582.8000,0.1239,4.7440,24.0500,0.2031
17.4600,7.8020,7.7300,580.1000,0.1239,4.7440,25.0700,0.2031
17.3500,7.7580,7.2650,583.4000,0.1236,4.7910,25.3300,0.2190
17.4200,7.7590,7.3560,583.2000,0.1252,4.8270,23.3900,0.2233
18.4100,7.8960,8.5290,584.6000,0.1277,4.7080,23.1100,0.2168
18.6500,8.0980,9.7540,583.8000,0.1366,4.8400,22.9000,0.1838
18.0000,7.9470,8.4910,585.4000,0.1217,4.6880,23.9000,0.1912
17.5500,7.9150,8.3450,583.9000,0.1217,4.6880,23.8300,0.1912
17.2300,7.8230,7.8060,582.2000,0.1332,4.8690,23.8500,0.2308
17.1900,7.7840,7.6090,575.9000,0.1429,4.8060,22.6300,0.2325
18.0700,7.9520,8.6680,588.6000,0.1429,4.8060,25.9200,0.2325
17.7900,7.9060,9.1110,557.8000,0.1315,4.6660,24.1500,0.2272
17.0800,7.9490,8.5390,588.8000,0.1421,4.8550,26.3900,0.2753
16.5500,7.9010,7.8000,591.6000,0.1421,4.8550,27.3300,0.2753
16.0900,7.8280,7.4100,591.6000,0.1504,4.8220,25.4300,0.3121
16.2000,7.8570,7.6210,590.8000,0.1622,4.8660,24.2900,0.3221
16.9600,7.9540,8.5310,592.9000,0.1613,4.8660,26.4800,0.3069
17.0500,8.0780,9.5720,593.8000,0.1648,4.9060,27.9700,0.3289
16.1000,7.9380,8.4290,594.4000,0.1530,4.8510,30.8300,0.3442
15.6200,7.9060,8.2850,596.0000,0.1530,4.8510,26.0100,0.3442
15.1900,7.7590,7.6440,578.7000,0.1382,4.8540,23.3100,0.3643
15.4000,7.8480,7.8320,595.8000,0.1532,4.8890,23.7200,0.3909
16.9800,7.9470,8.7280,595.0000,0.1363,4.7930,19.2600,0.3690
16.3800,7.9700,8.6370,593.1000,0.1483,4.7600,26.3100,0.3683
15.8300,7.8830,8.0540,595.7000,0.1503,6.8560,31.3800,0.3837
15.7700,7.8130,7.4270,591.3000,0.1408,4.7820,28.9500,0.3585
15.9400,7.8430,7.8010,592.9000,0.1397,4.8770,25.5900,0.3426
15.9900,7.7630,6.8970,595.4000,0.1419,4.7830,26.4800,0.3479
16.2200,7.8110,7.3540,594.9000,0.1436,4.9140,26.7700,0.3361
16.2400,7.8640,7.8060,592.4000,0.1393,4.8400,27.7800,0.3247
15.7800,7.7510,7.0010,589.5000,0.1335,4.8530,29.0300,0.3419
15.5500,7.7610,7.3900,584.1000,0.1254,4.8830,23.3000,0.2965
15.3100,7.7330,6.9850,588.8000,0.1288,4.8410,24.5200,0.3168
15.5200,7.7310,6.9200,586.7000,0.1285,4.8360,24.3900,0.3117
16.3300,7.8270,7.5810,592.3000,0.1373,4.8390,25.0800,0.3066
16.1900,7.9190,8.3920,590.8000,0.1317,4.9760,26.6600,0.2737
15.6600,7.8320,7.6290,590.4000,0.1296,4.7380,31.3300,0.2831
15.2000,7.7610,7.6370,576.2000,0.1203,4.6770,24.0700,0.2484
14.7400,7.7430,7.3350,581.2000,0.1181,4.8480,23.8900,0.2565
14.7000,7.7810,7.3940,589.7000,0.1255,4.8350,24.2600,0.2716
15.2900,7.8710,8.1770,591.4000,0.1236,4.8260,27.6800,0.2734
15.2600,7.9490,8.6000,591.2000,0.1246,4.6990,28.7800,0.2508
14.4600,7.8900,8.2070,587.8000,0.1202,4.7970,28.5100,0.2480
14.0100,7.8830,8.0870,591.4000,0.1180,4.8350,27.5500,0.2404
13.7500,7.8530,7.7720,592.0000,0.1182,4.8810,25.7200,0.2450
13.8600,7.8530,7.8980,592.3000,0.1195,4.8720,25.2000,0.2444
14.6600,7.9190,8.3970,592.4000,0.1284,4.8480,26.7800,0.2414
14.8700,8.0180,9.1810,591.8000,0.1160,4.8310,24.0200,0.2200
14.2500,7.9220,8.5600,592.7000,0.1192,4.8890,27.0500,0.2283
13.8400,7.8800,8.2370,589.8000,0.1104,4.8110,24.0700,0.2232
13.5500,7.8500,8.0430,589.3000,0.1127,4.7280,22.4200,0.2187
13.6500,7.8530,8.1020,590.4000,0.1114,4.7460,21.1600,0.2220
14.6300,7.8990,8.3770,591.3000,0.1120,4.6840,21.7700,0.2234
14.7500,7.9630,8.7930,592.1000,0.1133,4.8370,23.2100,0.2224
14.2900,7.8830,8.2700,592.9000,0.1200,4.7470,27.2000,0.2425
13.7900,7.7970,7.6120,588.4000,0.1141,4.7340,25.4400,0.2504
13.6600,7.8050,8.0340,584.9000,0.1185,4.7830,19.6000,0.2546
13.7900,7.8230,8.0080,585.7000,0.1175,4.7820,18.3900,0.2528
15.1800,7.8780,8.6020,590.4000,0.1126,4.8080,16.8000,0.2505
14.9600,7.9120,8.7590,594.0000,0.1202,4.9680,20.7500,0.2661
14.4600,7.8510,8.2050,597.3000,0.1353,4.8320,25.4100,0.3013
14.2900,7.8050,7.6870,597.0000,0.1353,4.8320,24.5500,0.3013
14.2000,7.8110,7.9370,596.7000,0.1360,4.9970,20.3100,0.3179
14.3000,7.8020,7.9060,596.3000,0.1359,4.9150,18.2300,0.3193
15.4200,7.8690,8.4100,596.9000,0.1362,4.9760,17.1900,0.3245
15.4300,7.8730,8.3330,597.4000,0.1422,4.9860,20.4800,0.3560
15.0500,7.8340,8.0070,598.7000,0.1535,5.0160,25.9000,0.3734
14.9600,7.7700,7.4920,599.2000,0.1535,5.0160,25.4600,0.3734
15.0100,7.7880,7.7320,597.6000,0.1492,5.0720,19.8700,0.3696
15.1400,7.7580,7.3380,597.6000,0.1478,5.0750,19.5400,0.3702
16.3700,7.8830,8.2890,596.3000,0.1474,4.9770,18.6600,0.3536
16.3600,8.0020,9.4690,595.7000,0.1478,5.0850,18.9600,0.3331
15.8500,7.8870,8.4150,597.6000,0.1524,5.0480,26.4100,0.3491
15.8300,7.8750,8.3730,597.4000,0.1524,5.0480,22.9200,0.3491
15.6900,7.8670,8.4810,594.2000,0.1462,5.0440,22.1400,0.2990
15.4100,7.8890,8.4440,597.2000,0.1485,5.1340,19.5000,0.2909
16.0500,7.9650,9.0300,595.9000,0.1500,5.0290,23.8800,0.2839
15.8900,8.0690,9.5870,592.0000,0.1449,5.0250,25.4500,0.2717
15.0300,7.9470,8.7720,594.3000,0.1425,4.9900,31.5400,0.2801
14.4600,7.9470,8.8690,594.1000,0.1364,4.9270,24.6500,0.2581
14.0300,7.8990,8.4070,596.7000,0.1386,4.9640,24.1800,0.2653
14.1200,7.8550,8.4430,584.7000,0.1285,4.8420,20.1300,0.2486
15.3700,7.9840,9.3850,588.4000,0.1246,4.8630,18.6900,0.2313
15.1900,8.0850,9.6940,595.4000,0.1288,4.7700,23.3700,0.2263
14.6500,8.0390,9.3200,596.8000,0.1305,4.8470,27.6400,0.2050
14.2500,8.0070,9.3220,592.8000,0.1250,4.8470,24.4000,0.1769
14.0500,8.0160,9.3560,593.0000,0.1253,4.9550,22.2300,0.1419
14.0700,8.0140,9.4460,591.0000,0.1213,4.8950,18.6900,0.1257
15.4100,8.1210,10.5410,581.8000,0.1140,4.7560,17.6600,0.1087
15.3100,8.4110,11.9280,592.2000,0.1301,4.8230,22.3100,0.0776
14.8900,8.3210,11.2330,593.5000,0.1203,4.7850,23.9300,0.0708
14.2900,8.1670,10.3050,592.0000,0.1215,4.8850,23.3000,0.0703
14.0200,8.0850,9.8870,588.9000,0.1183,4.8330,20.5500,0.0587
14.1100,8.0960,10.0030,591.5000,0.1180,4.7500,18.5000,0.0557
14.9800,8.2730,11.3430,589.2000,0.1140,4.7960,17.3800,0.0383
15.2800,8.3700,11.6370,590.5000,0.1168,4.7180,20.9800,0.0334
14.8700,8.2820,10.9080,594.9000,0.1225,4.8450,25.2700,0.0428
14.7100,8.2090,10.3390,595.7000,0.1139,4.6510,22.9900,0.0437
14.6600,8.1060,9.6230,595.5000,0.1085,4.6280,22.5900,0.0480
14.6600,8.0710,9.5400,595.8000,0.1093,4.6260,18.4000,0.0498
15.4700,8.2980,11.2670,594.7000,0.1150,4.6660,20.9800,0.0381
15.7200,8.5300,12.6880,591.3000,0.1108,4.5420,19.3400,0.0305
15.4300,8.4910,12.3950,593.1000,0.1128,4.5900,21.5200,0.0377
15.3700,8.4130,11.7130,594.6000,0.1115,4.5720,20.4600,0.0380
15.2300,8.3310,11.0990,593.7000,0.1102,4.6280,20.7400,0.0389
15.2400,8.2140,10.3710,594.7000,0.1060,4.6020,17.6000,0.0380
16.1400,8.2590,10.7580,595.0000,0.1091,4.5170,21.2900,0.0462
16.1500,8.2480,10.4730,595.4000,0.1010,4.5970,21.8000,0.0534
15.8300,8.1790,9.8600,596.7000,0.1020,4.5220,23.1700,0.0593
15.7100,8.1790,9.6250,596.6000,0.0982,4.4740,22.0000,0.0484
15.5600,8.1910,10.0850,592.5000,0.0965,4.5120,19.1000,0.0373
15.6900,8.1630,10.0730,591.0000,0.0962,4.5490,16.6400,0.0356
16.3500,8.3240,10.8210,595.9000,0.0969,4.5050,15.8500,0.0316
16.5600,8.4430,11.6150,593.9000,0.1046,4.5550,19.7000,0.0363
16.3800,8.4780,11.6760,594.6000,0.1090,4.5920,19.2600,0.0335
16.1900,8.3120,10.5090,596.1000,0.1002,4.4880,17.9700,0.0465
16.1500,8.3510,10.6880,596.7000,0.1032,4.4990,18.7400,0.0414
16.1800,8.3050,10.5160,591.5000,0.1060,4.5070,16.0700,0.0405
17.3100,8.4780,11.6880,597.8000,0.1082,4.5670,16.1900,0.0398
17.2400,8.5920,12.2210,596.1000,0.1088,4.5530,17.1800,0.0631
16.7400,8.3450,10.4010,600.5000,0.1025,4.4500,18.1100,0.0605
16.4900,8.2680,9.7080,601.3000,0.1023,4.5680,17.6100,0.0560
15.9100,8.1950,9.3410,601.8000,0.1030,4.5150,19.8600,0.0645
15.5300,8.2020,9.3630,602.6000,0.1030,4.5150,17.7700,0.0645
15.7700,8.2690,9.9090,599.7000,0.0967,4.4930,16.4400,0.0564
15.5200,8.2730,10.0010,601.3000,0.0987,4.3880,16.4700,0.0639
14.9300,8.1910,9.3070,603.4000,0.0976,4.5260,18.1500,0.0707
14.4500,8.0460,8.7260,593.4000,0.0949,4.5270,16.1700,0.0799
14.0600,8.0660,8.4990,604.9000,0.0957,4.5920,15.8500,0.0903
13.9200,8.0590,8.5290,603.8000,0.1053,4.5550,15.0900,0.0905
15.0700,8.0990,9.2820,594.7000,0.1053,4.5550,12.3700,0.0905
15.0200,8.2070,9.6050,605.2000,0.0933,4.5700,14.4100,0.0910
14.4200,8.1100,8.9990,603.7000,0.0889,4.4730,14.0100,0.0980
13.9800,8.0920,8.8340,603.8000,0.0889,4.4730,12.7700,0.0980
13.8000,8.0640,8.5420,605.5000,0.0909,4.6370,11.5200,0.0850
13.5800,8.0600,8.4410,609.0000,0.0921,4.5860,12.0000,0.0927
13.7500,8.0750,8.8070,607.0000,0.0878,4.5690,10.3000,0.0978
13.6500,8.0830,8.7550,608.1000,0.0861,4.5660,10.0600,0.0989
13.4000,8.0370,8.5230,588.8000,0.0849,4.3740,12.4200,0.1175
13.1600,8.0210,8.2660,599.6000,0.0896,4.5660,12.1700,0.1143
12.4800,7.9810,8.1010,599.5000,0.0904,4.5670,11.4700,0.1290
11.9800,8.0270,8.4840,604.1000,0.0934,4.5220,13.2200,0.1262
11.8600,8.0110,8.6450,589.4000,0.0898,4.5470,11.2200,0.1244
11.3600,8.0430,8.8010,596.3000,0.0886,4.6310,11.2800,0.1316
10.7000,8.0440,8.8130,600.9000,0.0892,4.7070,11.5900,0.1388
10.3900,8.0430,8.7660,604.5000,0.0907,4.6570,11.5800,0.1483
9.9300,8.0070,8.7110,603.9000,0.0938,4.7600,10.6300,0.1573
9.8300,7.9840,8.6790,599.5000,0.0980,4.7080,9.8800,0.1737
10.7500,8.0160,9.2050,599.8000,0.0998,4.8650,7.8800,0.1826
10.6400,8.0830,9.2850,606.5000,0.1053,4.8640,6.9000,0.1950
10.3000,8.0320,8.8320,606.9000,0.1144,4.9470,7.6700,0.2248
10.2700,8.0110,8.6220,606.4000,0.1161,4.9930,7.0900,0.2457
10.0800,7.9810,8.4830,606.8000,0.1199,5.0440,7.4200,0.2713
10.0400,7.9540,8.1260,608.4000,0.1218,5.0700,6.7400,0.2831
10.4500,7.9590,8.4740,607.7000,0.1275,5.1170,7.0900,0.3112
10.5400,7.9840,8.6930,608.6000,0.1337,5.2670,6.2400,0.3657
10.2500,7.9560,8.2950,611.0000,0.1368,5.2560,6.5100,0.4033
10.2100,7.9350,8.0790,610.1000,0.1407,5.3490,7.3100,0.4290
10.2200,7.9210,7.9760,611.8000,0.1471,5.4390,6.6000,0.4953
9.9100,7.9060,8.1100,609.8000,0.1457,5.3000,6.6100,0.4812
10.2600,8.0110,9.0950,614.0000,0.1552,5.5000,6.2600,0.5498
9.8700,8.0530,9.4400,614.1000,0.1607,5.6300,6.9700,0.5994
9.2200,8.0070,9.1430,610.4000,0.1574,5.6300,7.7300,0.6178
8.6800,7.9910,8.8770,614.8000,0.1601,5.6250,7.1000,0.6526
7.9900,7.9680,8.5360,618.6000,0.1571,5.6290,6.9500,0.6769
8.0500,7.9950,8.7930,622.1000,0.1642,5.7130,6.0800,0.7211
8.3700,8.0530,9.5930,622.8000,0.1644,5.7380,5.0700,0.7395
8.1500,8.0820,9.7390,625.8000,0.1688,5.8860,5.0600,0.8122
7.3300,8.0710,9.5830,625.5000,0.1639,5.8610,4.4300,0.7972
6.9400,8.0600,9.4470,630.5000,0.1747,6.0250,4.8000,0.9095
6.9400,8.0000,9.1190,621.8000,0.1651,5.9740,4.5400,0.8617
6.4700,8.0360,9.0960,634.4000,0.1753,6.0610,4.2600,0.9345
7.1800,8.0670,9.6330,633.2000,0.1770,6.0790,3.5200,0.9597
6.9500,8.0940,9.8140,635.0000,0.1793,6.1280,2.9000,1.0224
6.3900,8.0760,9.5640,635.8000,0.1767,6.1490,2.9800,1.0082
5.9100,8.0590,9.3290,639.5000,0.1781,6.2450,3.1400,1.0526
5.5800,8.0440,9.3170,638.8000,0.1754,6.2420,3.0400,1.0561
5.5000,8.0390,9.2240,640.1000,0.1780,6.3060,2.9600,1.0694
6.2000,8.0710,9.8530,636.1000,0.1743,6.2140,2.1600,1.0387
5.8900,8.1290,10.2760,639.4000,0.1773,6.1770,2.3200,1.0698
5.2600,8.0980,9.9690,638.2000,0.1764,6.3070,2.6600,1.0854
4.8400,8.0940,9.8850,640.4000,0.1773,6.2490,3.2700,1.1065
4.2900,8.0920,9.7840,642.5000,0.1754,6.3250,3.0000,1.1347
4.0700,8.0750,9.6110,645.0000,0.1754,6.3250,3.0700,1.1347
5.4800,8.1060,10.3620,641.9000,0.1735,6.2440,2.5100,1.1183
5.5300,8.1280,10.3300,640.1000,0.1750,6.3030,2.1800,1.1321
4.9600,8.0990,9.9970,640.9000,0.1728,6.2660,2.3100,1.1418
4.5500,8.0910,9.9190,642.9000,0.1762,6.4060,2.2100,1.1445
4.2600,8.0750,9.7990,642.7000,0.1766,6.3290,2.0300,1.1621
4.1900,8.0760,9.8130,645.3000,0.1805,6.3910,2.8100,1.1887
5.6900,8.0830,10.3310,636.8000,0.1807,6.2540,1.9100,1.1451
5.6500,8.1030,10.3510,638.9000,0.1862,6.4570,2.3300,1.1928
5.3000,8.0850,10.1000,640.7000,0.1931,6.4930,2.0800,1.2286
5.2100,8.0600,9.8460,641.3000,0.1931,6.4930,2.5100,1.2286
5.1600,8.0410,9.7590,641.2000,0.2007,6.5310,1.8200,1.2648
5.1500,8.0410,9.7480,642.3000,0.2079,6.6840,2.0300,1.2914
6.0600,8.0600,10.2890,637.4000,0.2117,6.5880,1.9600,1.3002
5.9800,8.0760,10.3270,641.8000,0.2191,6.6340,2.9100,1.3183
5.7500,8.0520,10.1130,645.5000,0.2324,6.7050,2.6400,1.3918
5.6200,8.0230,9.8850,646.7000,0.2450,6.9140,2.4400,1.4441
5.7100,8.0040,9.8190,646.0000,0.2534,6.9850,1.8900,1.4914
5.7100,8.0040,9.8060,646.8000,0.2548,6.8210,2.1700,1.4832
6.2000,8.0130,9.9630,636.0000,0.2458,6.8590,2.5900,1.4332
6.4300,8.0620,10.2500,633.6000,0.2432,6.7280,2.4200,1.4373
5.7500,8.0300,9.8000,636.3000,0.2458,6.8460,2.8300,1.4733
5.5500,8.0040,9.5490,635.3000,0.2368,6.7530,2.2500,1.4302
4.9500,8.0180,9.6150,637.6000,0.2430,6.7770,2.6100,1.4302
5.2800,8.0690,10.2850,636.2000,0.2338,6.1750,2.3200,1.3863
5.1200,8.1450,10.7300,633.5000,0.2298,6.1380,3.1100,1.3563
4.2800,8.1100,10.1930,638.8000,0.2272,6.2360,2.7400,1.3881
3.7800,8.0760,9.7960,634.6000,0.2157,6.0020,3.0200,1.3150
3.5300,8.0570,9.6380,636.6000,0.2151,6.2570,3.1800,1.3413
3.4200,8.0670,9.8060,639.2000,0.2163,6.3310,2.8200,1.3744
4.5800,8.1240,10.6660,636.1000,0.2171,6.4310,2.8200,1.3814
4.5700,8.1520,10.6090,637.1000,0.2155,6.2400,2.5600,1.3745
4.2100,8.0990,10.1040,636.3000,0.2115,6.3520,2.3900,1.3713
3.9900,8.0750,9.8840,636.0000,0.2115,6.3520,2.1100,1.3713
3.8200,8.0620,9.7990,636.3000,0.1965,6.3950,2.1700,1.3350
3.9600,8.0660,9.9040,633.9000,0.1933,6.3390,2.2900,1.3006
5.1800,8.1030,10.6140,628.7000,0.1893,6.1910,3.2000,1.2693
5.8200,8.1700,11.1590,631.0000,0.1852,6.2560,3.8300,1.2474
4.7900,8.1080,10.3680,632.4000,0.1852,6.3030,2.8800,1.2603
4.5400,8.0820,10.0850,631.5000,0.1852,6.3030,2.7600,1.2603
4.2700,8.0640,9.9960,632.3000,0.1748,6.3040,2.6600,1.2364
4.4100,8.0460,9.9870,627.3000,0.1710,6.3440,2.6400,1.1898
5.6900,7.9650,10.9970,627.7000,0.1754,6.3290,2.6900,1.2071
5.7100,7.9980,10.7600,627.3000,0.1700,6.3410,3.0400,1.1946
5.3800,7.9570,10.3760,628.3000,0.1679,6.2820,3.3700,1.1739
5.3100,7.9270,10.0310,627.4000,0.1679,6.2820,3.0700,1.1739
5.2000,7.9170,10.0000,628.3000,0.1593,6.3830,2.4500,1.1217
5.1900,7.9120,9.9010,628.3000,0.1591,6.2780,2.3100,1.1121
6.4500,7.8820,11.0290,624.6000,0.1547,6.2930,2.2600,1.0695
6.3900,7.9820,11.0000,623.5000,0.1558,6.3920,2.1400,1.0680
6.5700,7.9600,10.6640,625.4000,0.1512,6.2880,2.9500,1.0195
6.0500,7.9280,10.2080,624.7000,0.1512,6.2880,2.2500,1.0195
5.9900,7.9140,10.0300,624.3000,0.1517,6.4080,1.9700,1.0247
6.2600,7.8930,9.8710,623.0000,0.1468,6.2930,2.2200,0.9895
6.9000,7.9790,10.8190,619.0000,0.1479,6.3550,2.5000,0.9540
6.9300,7.9900,10.8180,620.1000,0.1475,6.2900,2.5400,0.9511
6.7900,7.9410,10.2410,621.1000,0.1441,6.3620,1.9900,0.9320
6.6400,7.9110,9.8990,620.8000,0.1441,6.3620,2.2800,0.9320
6.2700,7.8920,9.8260,621.3000,0.1398,6.3690,1.8400,0.9140
6.1800,7.8950,9.7100,623.1000,0.1421,6.3370,2.5600,0.9096
6.3400,7.9920,10.7430,621.1000,0.1352,6.2710,2.4900,0.8569
6.0500,8.1380,11.5050,619.3000,0.1316,6.2130,2.4400,0.8166
5.0700,8.0550,10.4910,621.8000,0.1349,6.2000,3.0900,0.8447
4.3800,8.0240,10.5520,623.0000,0.1349,6.2000,3.6600,0.8447
3.5500,8.0110,9.9590,627.4000,0.1330,6.3000,3.8300,0.8482
3.2100,8.0360,10.1860,629.4000,0.1333,6.4290,3.5300,0.8526
3.8100,8.0710,11.8140,628.6000,0.1322,6.2180,3.7200,0.8142
3.5900,8.1330,12.0940,625.5000,0.1308,6.2970,4.7600,0.8190
3.0300,8.1190,11.7830,632.5000,0.1316,6.3180,4.4300,0.8328
2.7300,8.0820,11.2900,632.5000,0.1316,6.3180,3.3100,0.8328
2.6300,8.0650,11.2310,635.3000,0.1310,6.5150,2.9400,0.8350
2.7400,8.0650,11.3100,637.5000,0.1314,6.4410,2.4200,0.8405
3.7200,8.1630,12.4320,634.9000,0.1310,6.4120,2.8100,0.8057
3.7400,8.1300,12.2330,627.7000,0.1283,6.2810,2.9000,0.7683
3.4500,8.1350,11.8820,633.1000,0.1326,6.4190,2.4300,0.8180
3.4700,8.0890,11.5710,632.0000,0.1326,6.4190,1.7000,0.8180
3.4100,8.0730,11.4960,634.0000,0.1307,6.5300,1.7500,0.8125
3.3800,8.0520,11.2410,631.9000,0.1300,6.3310,1.5300,0.8011
4.2200,8.1490,12.5480,629.3000,0.1308,6.3960,2.2500,0.7814
4.4200,8.1900,12.9470,623.1000,0.1280,6.3500,2.0500,0.7522
3.9900,8.1590,12.2890,626.6000,0.1312,6.4380,2.4000,0.7861
3.7100,8.1060,11.8030,629.6000,0.1312,6.4380,2.4700,0.7861
3.5000,8.0730,11.5710,630.1000,0.1399,6.6600,1.8400,0.8531
3.4200,8.0490,11.3390,626.7000,0.1414,6.4140,1.8900,0.8443
4.3800,8.1700,12.7170,623.9000,0.1387,6.3510,2.9100,0.7940
4.1500,8.2160,12.9550,621.9000,0.1468,6.3930,3.4800,0.8372
3.4600,8.1970,12.5750,625.6000,0.1468,6.6310,3.0300,0.8409
2.9100,8.1350,11.8660,630.7000,0.1507,6.4810,2.1900,0.8794
2.4200,8.1210,11.6710,634.1000,0.1566,6.6480,2.2300,0.9290
2.4800,8.1030,11.6310,633.9000,0.1586,6.7620,2.3000,0.9208
3.4900,8.1970,12.8480,630.6000,0.1583,6.6220,2.5900,0.8946
3.3700,8.2240,12.9310,628.3000,0.1623,6.6150,2.7700,0.9113
3.0600,8.1950,12.5280,634.5000,0.1637,6.7590,2.4200,0.9408
2.6900,8.1630,12.2150,636.3000,0.1637,6.7590,2.3500,0.9408
2.6000,8.1050,11.8330,636.5000,0.1630,6.8110,2.3100,0.9534
2.3000,8.1010,11.8500,637.5000,0.1697,6.8710,2.2100,0.9936
2.9000,8.2290,13.1380,638.5000,0.1786,7.0820,3.4500,1.0189
2.6400,8.2900,13.2900,637.3000,0.1770,6.9950,3.0200,1.0006
2.2400,8.2250,12.8050,641.7000,0.1756,7.0380,3.5800,1.0106
2.0100,8.1820,12.4120,643.6000,0.1755,7.1170,3.3500,1.0275
1.8400,8.1570,12.1610,647.7000,0.1760,7.2220,2.3000,1.0370
1.9300,8.1480,12.3110,650.2000,0.1753,7.1610,2.8200,1.0271
3.0400,8.2110,13.4960,642.4000,0.1750,7.0890,3.9000,0.9991
2.9400,8.3110,14.1290,641.3000,0.1774,7.0600,3.8000,1.0068
2.3700,8.2360,13.2180,648.3000,0.1763,7.3060,2.8500,1.0493
2.2800,8.2190,13.0520,652.3000,0.1763,7.3060,3.1200,1.0493
2.2300,8.1870,12.7470,654.7000,0.1764,7.4910,2.8300,1.0507
2.3200,8.1440,12.6030,658.4000,0.1710,7.2960,3.2700,1.0301
3.6700,8.2560,14.2110,651.6000,0.1720,7.5120,3.4800,1.0150
3.7600,8.3480,15.0000,649.3000,0.1727,7.4580,3.7000,0.9975
3.1900,8.2680,13.8690,655.4000,0.1711,7.4850,3.8200,1.0196
3.0500,8.2130,13.4090,655.8000,0.1711,7.4850,3.2500,1.0196
2.9300,8.1780,13.0350,657.5000,0.1657,7.5680,2.7000,1.0020
2.9400,8.1620,12.8970,660.5000,0.1642,7.4840,2.9500,0.9925
4.0000,8.2940,14.6640,654.9000,0.1616,7.6670,3.0900,1.0343
4.2100,8.4030,15.5140,649.9000,0.1599,7.4940,3.4600,0.9229
3.4500,8.2890,14.0970,656.4000,0.1530,7.4430,3.4000,0.9125
3.2900,8.2160,13.5910,656.9000,0.1530,7.4430,3.3200,0.9125
3.1800,8.1820,13.3020,659.2000,0.1470,7.5710,3.0600,0.8894
3.2200,8.1700,13.2360,661.2000,0.1454,7.5440,3.8400,0.8738
4.2700,8.2760,14.7040,650.7000,0.1373,7.2100,3.9300,0.7913
4.2000,8.3640,15.1140,653.0000,0.1388,7.3870,4.4900,0.8081
4.0000,8.2360,14.4520,640.6000,0.1283,7.0950,4.3200,0.7400
3.6300,8.2190,13.8150,658.3000,0.1283,7.0950,3.2100,0.7400
3.5000,8.1750,13.4100,659.3000,0.1247,7.5310,2.9100,0.7675
3.4900,8.1590,13.3100,658.6000,0.1243,7.4740,3.7600,0.7513
4.3900,8.3000,15.0070,646.2000,0.1180,7.2740,3.2800,0.6882
4.5000,8.3320,14.9610,645.6000,0.1182,7.3610,4.0500,0.7030
3.9300,8.2710,14.3610,654.4000,0.1153,7.4640,3.6500,0.7150
3.7500,8.2190,13.9340,656.2000,0.1143,7.4290,3.1300,0.7212
3.5400,8.1840,13.5820,657.6000,0.1111,7.5900,2.8200,0.7321
3.8500,8.1270,13.4230,653.4000,0.1099,7.4580,2.9600,0.6832
4.0300,8.1870,13.9070,647.3000,0.1056,7.3480,3.2400,0.6660
4.2600,8.2790,14.5610,648.6000,0.1070,7.4040,3.2700,0.6711
4.0400,8.2210,13.9820,651.6000,0.1059,7.5330,3.1900,0.6864
3.9300,8.1870,13.6000,651.8000,0.1033,7.5380,3.2100,0.6747
3.8500,8.1480,13.2970,652.2000,0.1033,7.5380,2.8500,0.6747
3.8600,8.1520,13.3550,653.3000,0.1010,7.5690,3.1300,0.6769
4.5500,8.2970,14.7500,645.2000,0.0992,7.5460,3.1300,0.6315
4.3800,8.3830,15.1990,641.3000,0.0972,7.3630,3.3700,0.6173
3.9000,8.2950,14.2830,645.6000,0.0921,7.4140,3.1500,0.6231
3.6900,8.2160,13.7700,648.7000,0.0935,7.5220,2.9800,0.6391
3.5500,8.2000,13.6800,647.8000,0.0922,7.5500,2.7000,0.6174
3.5900,8.2090,13.8730,646.8000,0.0934,7.3860,2.5400,0.6115
4.6100,8.3480,15.2670,638.8000,0.0913,7.2930,3.4400,0.5722
4.6900,8.4190,15.6010,635.6000,0.0928,7.3220,3.3500,0.5509
4.2200,8.3430,14.8640,640.7000,0.0913,7.2720,3.7700,0.5599
3.9800,8.2940,14.5070,642.7000,0.0905,7.3110,3.2100,0.5649
3.8400,8.2210,13.9560,639.6000,0.0877,7.2280,2.9100,0.5445
4.1600,8.2220,14.1410,641.5000,0.0919,7.3390,3.3000,0.5479
4.8400,8.2970,14.7680,632.9000,0.0890,7.2760,3.5400,0.5200
4.9100,8.3840,15.4880,633.9000,0.0909,7.2820,3.5400,0.5184
4.6700,8.3020,14.6790,636.6000,0.0915,7.3440,3.5300,0.5269
4.3400,8.2210,13.9290,636.6000,0.0917,7.4320,3.5800,0.5310
4.0700,8.1920,13.6110,635.2000,0.0875,7.3410,3.3200,0.5172
3.7500,8.1970,13.5830,637.8000,0.0888,7.2660,3.3400,0.5093
4.7500,8.3840,15.3990,631.8000,0.0892,7.2900,3.5000,0.4716
5.1200,8.4600,16.1070,627.2000,0.0809,7.0950,3.5200,0.4255
4.0800,8.3330,14.5700,630.1000,0.0811,7.1560,3.0300,0.4272
3.5900,8.2840,13.9530,635.6000,0.0855,7.2480,3.5900,0.4511
3.0200,8.2300,13.3500,636.3000,0.0826,7.2670,3.2100,0.4357
2.9100,8.2570,13.3960,638.0000,0.0852,7.3760,3.8500,0.4353
3.0200,8.3940,14.7110,633.6000,0.0821,7.1690,3.2900,0.3959
2.9900,8.4560,15.2270,631.3000,0.0819,7.1730,3.2700,0.3837
2.2700,8.3890,14.0060,640.1000,0.0814,7.1270,3.5300,0.3936
1.5300,8.3370,13.4440,643.1000,0.0772,7.1650,3.9200,0.3767
1.5400,8.3110,13.2220,643.8000,0.0829,7.2960,3.7000,0.3881
0.9900,8.2380,12.7030,647.4000,0.0784,7.2320,3.6700,0.3697
1.2100,8.3270,13.4730,647.3000,0.0814,7.2230,3.8900,0.3580
1.1100,8.3480,13.5620,644.6000,0.0811,7.1960,4.1500,0.3466
0.9600,8.3050,13.1230,646.4000,0.0826,7.2330,4.2900,0.3509
0.7500,8.2630,12.7910,651.3000,0.0850,7.1630,4.9900,0.3595
0.5800,8.2210,12.4660,656.5000,0.0830,7.4660,4.8700,0.3639
0.5300,8.2190,12.3700,660.5000,0.0841,7.4410,4.6200,0.3682
0.9500,8.3730,13.8070,659.0000,0.0855,7.5090,3.7100,0.3682
1.0200,8.4540,14.5960,654.1000,0.0859,7.5870,3.7200,0.3676
0.9200,8.3620,13.8100,657.1000,0.0812,7.4450,3.8700,0.3604
1.0400,8.2570,13.2440,651.6000,0.0812,7.4450,3.5100,0.3604
0.7600,8.3100,13.1480,662.6000,0.0822,7.5910,3.4800,0.3766
0.8200,8.2830,13.2080,667.1000,0.0832,7.6180,3.4300,0.3776
1.3400,8.3970,14.3640,657.4000,0.0829,7.4440,2.9100,0.3653
1.3300,8.4650,15.1840,656.9000,0.0814,7.5650,2.8600,0.3698
1.1600,8.4180,14.4930,662.2000,0.0806,7.5870,3.0600,0.3748
1.2300,8.3520,13.9730,660.7000,0.0780,7.5590,2.6500,0.3701
1.1900,8.3170,13.5790,663.9000,0.0778,7.7440,2.6400,0.3859
1.1900,8.2780,13.3800,664.0000,0.0787,7.6370,2.3800,0.3869
1.2700,8.3830,14.3620,667.3000,0.0794,7.8530,3.2200,0.4068
1.3800,8.4620,15.1920,667.7000,0.0816,7.7810,2.8800,0.4274
1.2900,8.4220,14.9330,672.0000,0.0797,7.8010,2.6300,0.4460
1.2200,8.3780,14.3260,673.7000,0.0797,7.8010,2.7100,0.4460
1.2400,8.3250,13.8690,672.5000,0.0807,8.0600,2.5700,0.4919
1.1500,8.3250,13.8970,676.4000,0.0837,8.0710,2.4700,0.5267
1.2800,8.3910,14.5970,675.0000,0.0840,8.0460,2.4600,0.5315
1.3000,8.4720,15.5570,676.0000,0.0837,8.1450,2.4600,0.5375
1.2300,8.4190,15.1850,680.6000,0.0833,8.0850,2.8100,0.5541
1.1700,8.3750,14.8120,684.1000,0.0839,8.1950,2.6300,0.5751
1.1500,8.3300,14.4090,687.9000,0.0815,8.4740,2.4400,0.5739
1.1800,8.3140,14.4160,690.0000,0.0827,8.4900,2.3200,0.5869
1.3800,8.4370,15.6840,688.5000,0.0891,8.4270,2.9200,0.5798
1.5200,8.4950,16.4790,685.9000,0.0837,8.3290,2.6200,0.5646
1.4500,8.4430,15.8800,688.6000,0.0821,8.2580,2.6200,0.5681
1.4100,8.4000,15.5970,691.7000,0.0816,8.4930,3.1400,0.5761
1.3900,8.3440,14.9900,696.5000,0.0773,8.6750,2.3700,0.5738
1.3700,8.3210,14.7230,699.0000,0.0803,8.5870,2.3200,0.5805
1.5600,8.4240,15.6520,696.2000,0.0851,8.5220,2.6300,0.5696
1.6100,8.4780,16.4720,694.8000,0.0813,8.4910,2.9600,0.5589
1.5100,8.4430,16.2240,698.4000,0.0797,8.5280,2.5500,0.5608
1.4500,8.4020,15.8450,701.1000,0.0799,8.6520,2.8900,0.5719
1.4100,8.3410,15.3070,705.7000,0.0765,8.9260,2.6200,0.5688
1.4200,8.3330,15.3470,706.1000,0.0810,8.8120,2.4800,0.5784
1.6300,8.4410,16.4060,701.7000,0.0865,8.6740,2.8400,0.5729
1.6700,8.4950,16.7570,701.6000,0.0827,8.5680,3.2200,0.5569
1.6400,8.4430,16.4270,703.5000,0.0783,8.6590,2.5600,0.5596
1.6100,8.4020,16.0440,704.5000,0.0779,8.7670,2.7400,0.5645
1.6000,8.3640,15.5900,705.3000,0.0785,8.9370,2.5100,0.5820
1.5900,8.3270,15.3200,705.6000,0.0816,8.8360,2.4600,0.5938
1.6600,8.3890,16.0940,703.2000,0.0916,8.9070,3.7700,0.5859
1.6400,8.3970,15.7160,691.0000,0.0813,8.4620,3.0500,0.5883
1.5600,8.3380,14.9450,690.3000,0.0788,8.4750,2.4900,0.5922
1.4600,8.3000,14.9710,691.1000,0.0791,8.4050,3.0300,0.6051
1.4100,8.2700,14.5750,695.6000,0.0771,8.6180,2.4300,0.6129
1.4300,8.2220,14.2890,697.5000,0.0779,8.4980,2.4500,0.6261
1.6100,8.3460,15.3210,694.6000,0.0848,8.5490,2.6900,0.6358
1.6700,8.4060,15.9570,693.9000,0.0804,8.5050,2.9800,0.6247
1.5600,8.3330,15.5980,697.2000,0.0756,8.4610,2.4900,0.6230
1.5100,8.2730,15.2500,700.6000,0.0749,8.5410,3.0100,0.6352
1.5000,8.2220,14.7750,703.2000,0.0737,8.4840,2.2100,0.6379
1.4900,8.1890,14.2330,704.8000,0.0765,8.6130,2.7900,0.6513
1.7100,8.3110,15.6150,701.2000,0.0821,8.6080,2.7800,0.6457
1.7900,8.3830,16.0930,698.1000,0.0787,8.5600,2.4700,0.6361
1.6600,8.3000,15.5350,702.3000,0.0765,8.5820,2.3100,0.6622
1.6200,8.2330,14.9430,704.7000,0.0761,8.5800,2.4900,0.6879
1.5700,8.1940,14.5180,707.3000,0.0758,8.7720,2.0400,0.6949
1.5800,8.1680,14.4080,707.4000,0.0794,8.7810,2.5600,0.7186
1.8500,8.2940,15.9210,701.4000,0.0846,8.8190,3.5800,0.7126
1.9600,8.3700,16.3460,698.3000,0.0803,8.7470,2.8200,0.6947
1.8200,8.2810,15.5340,703.5000,0.0779,8.7450,2.8500,0.7036
1.8200,8.2190,14.9720,705.4000,0.0772,8.6930,2.9000,0.7082
1.7600,8.1890,14.6800,706.2000,0.0755,8.8650,2.2700,0.7050
1.7700,8.1670,14.8260,707.5000,0.0790,8.8090,2.8000,0.7101
1.9900,8.2560,15.4270,703.4000,0.0854,8.8200,3.7500,0.7040
2.0800,8.3160,16.0710,701.4000,0.0782,8.7080,3.1300,0.6881
1.9700,8.2350,15.3850,705.1000,0.0759,8.6830,2.3300,0.6993
1.9400,8.1950,15.1260,706.2000,0.0744,8.8340,2.4700,0.7012
1.8800,8.1670,14.7830,707.0000,0.0730,8.8390,2.3600,0.6914
1.8600,8.1410,14.5250,709.8000,0.0723,8.9150,3.0300,0.6896
2.1600,8.2330,15.4070,704.0000,0.0787,8.7360,3.5100,0.6818
2.2000,8.2890,15.9220,702.0000,0.0732,8.7260,2.4800,0.6693
2.0500,8.2020,15.1640,706.6000,0.0706,8.7590,3.3000,0.6713
2.0000,8.1600,14.7460,708.2000,0.0700,8.7280,2.5100,0.6690
1.9700,8.1240,14.5790,709.4000,0.0704,9.0380,2.1200,0.6616
1.9400,8.0980,14.3230,710.3000,0.0690,8.8980,2.3100,0.6571
2.2800,8.2030,15.3400,704.7000,0.0738,8.8850,2.3500,0.6456
2.3000,8.2560,16.0160,703.0000,0.0689,8.7450,2.4200,0.6336
2.1500,8.1590,14.8320,705.7000,0.0673,8.7060,2.4600,0.6393
2.1000,8.1030,14.3440,707.2000,0.0673,8.7060,2.5500,0.6393
2.0800,8.0630,14.2710,707.9000,0.0661,8.8300,2.5500,0.6356
2.0900,8.0240,13.9940,705.2000,0.0670,8.8280,3.1700,0.6270
2.4400,8.1630,15.2210,703.5000,0.0687,8.5920,2.9700,0.6250
2.5100,8.2250,15.9210,702.2000,0.0673,8.7320,3.0000,0.6155
2.2700,8.1110,14.6690,706.5000,0.0646,8.6710,2.1700,0.6224
2.1700,8.0510,14.2540,707.3000,0.0646,8.6710,2.2200,0.6224
2.1100,8.0250,14.0760,709.7000,0.0639,8.8770,3.7200,0.6273
2.0900,8.0080,13.9630,710.3000,0.0628,8.9900,2.3400,0.6259
2.5300,8.0700,15.3810,710.4000,0.0659,8.8540,2.6300,0.6105
2.5800,8.1590,15.6640,704.8000,0.0643,8.8350,3.0600,0.6110
2.2900,8.0410,14.5550,709.0000,0.0619,8.8330,2.6300,0.6225
2.2000,7.9900,14.2060,711.1000,0.0619,8.8330,2.3300,0.6225
2.1900,7.9650,13.9120,714.5000,0.0615,9.0130,2.3500,0.6309
2.2200,7.9520,13.8180,712.7000,0.0631,8.9030,2.1600,0.6326
2.6500,8.0890,15.1830,708.7000,0.0650,8.9600,2.5700,0.6261
2.6700,8.1330,15.4230,708.9000,0.0672,8.8620,3.0100,0.6210
2.4200,8.0140,14.4030,712.3000,0.0618,9.0050,3.0500,0.6329
2.3300,7.9730,13.9700,713.2000,0.0618,9.0050,2.6200,0.6329
2.3400,7.9460,13.6850,714.0000,0.0598,8.9400,2.3200,0.6383
2.3900,7.9390,13.7350,715.0000,0.0591,8.8390,2.6700,0.6386
2.6600,8.0320,14.5850,713.1000,0.0616,8.9130,2.9300,0.6317
2.7600,8.0920,15.2750,711.0000,0.0606,9.0080,2.6600,0.6208
2.5800,7.9810,14.1850,715.1000,0.0606,8.8610,2.6300,0.6448
2.5400,7.9470,13.8160,715.3000,0.0606,8.8610,2.9200,0.6448
2.5400,7.9280,13.5450,715.5000,0.0601,9.0970,3.0200,0.6444
2.4300,7.9190,13.4030,714.2000,0.0605,9.0940,2.6600,0.6417
2.5400,7.9470,13.7220,714.3000,0.0627,9.1510,2.8900,0.6443
2.5400,7.9410,13.6770,715.3000,0.0603,9.0910,3.1700,0.6447
2.4500,7.8930,13.1300,721.9000,0.0604,9.2370,2.9400,0.6622
2.3600,7.8730,12.9500,725.3000,0.0604,9.2370,3.1100,0.6622
2.1300,7.8790,12.8810,728.8000,0.0595,9.2670,2.7900,0.6659
1.9500,7.8740,12.7490,731.6000,0.0607,9.2370,2.4600,0.6596
2.3600,7.9820,14.1030,728.9000,0.0611,9.4130,2.3200,0.6527
2.2300,7.9790,14.1520,729.4000,0.0579,9.2140,1.9400,0.6623
1.8700,7.8840,12.9450,734.4000,0.0580,9.4370,2.3000,0.6713
1.8000,7.8550,12.5630,738.3000,0.0580,9.4370,2.3500,0.6713
1.8200,7.8330,12.4270,739.5000,0.0576,9.9550,2.2000,0.6871
1.8700,7.8250,12.3150,741.4000,0.0591,9.8230,1.5300,0.6955
2.5100,7.8980,13.4790,735.0000,0.0594,9.6320,2.0500,0.6841
2.4600,7.9160,13.5560,735.0000,0.0598,9.8280,2.0800,0.6982
2.1600,7.8510,12.6120,739.8000,0.0592,9.6880,2.3400,0.7100
2.1400,7.8220,12.2700,742.1000,0.0592,9.6880,2.1000,0.7100
2.1400,7.8110,12.0640,743.6000,0.0602,10.1140,2.1900,0.7364
1.9600,7.8120,12.0880,746.5000,0.0602,10.1140,2.0100,0.7364
2.6500,7.8820,13.0490,730.7000,0.0621,9.7350,2.3600,0.7309
2.4300,7.8900,13.0730,726.8000,0.0616,9.6210,2.1400,0.7289
2.2600,7.8270,12.0730,729.8000,0.0605,9.5170,2.2400,0.7351
2.1700,7.7950,11.6970,729.6000,0.0605,9.5170,1.8900,0.7351
2.0500,7.7840,11.5040,732.8000,0.0609,9.6680,2.1200,0.7403
1.9400,7.7820,11.4940,732.1000,0.0599,9.6740,1.9000,0.7329
2.4000,7.8550,12.7080,726.8000,0.0612,9.4680,2.1600,0.7171
2.4100,7.8700,12.7830,722.2000,0.0595,9.4530,2.0600,0.7044
1.9500,7.8010,11.8020,730.0000,0.0595,9.4530,1.9600,0.7044
1.8600,7.7710,11.3930,732.7000,0.0595,9.7320,2.1500,0.7145
1.8200,7.7550,11.1540,732.8000,0.0594,9.6720,1.7900,0.7157
1.8300,7.7500,11.2080,733.5000,0.0583,9.6820,1.9400,0.7128
2.5000,7.8300,12.4360,724.8000,0.0583,9.6180,1.8300,0.6848
2.5100,7.8630,12.6570,723.3000,0.0590,9.7200,2.0400,0.6744
2.2100,7.7900,11.7260,726.6000,0.0589,9.6270,2.1600,0.6869
2.1000,7.7550,11.3280,728.9000,0.0567,9.7740,1.8400,0.6930
2.0400,7.7460,11.2570,728.8000,0.0570,9.7590,1.4100,0.6948
1.9600,7.7440,11.2560,729.7000,0.0568,9.5230,1.8800,0.6976
2.7300,7.8280,12.4770,727.9000,0.0590,9.7500,2.4200,0.6798
2.8100,7.8540,12.7750,726.2000,0.0648,9.6840,1.7300,0.7615
2.3200,7.7900,11.9210,729.8000,0.0609,9.7440,1.8700,0.6959
2.2000,7.7570,11.4710,730.9000,0.0593,9.6270,1.5400,0.6996
2.1400,7.7500,11.3920,733.1000,0.0590,9.8030,1.5300,0.7036
2.1500,7.7500,11.3800,732.6000,0.0579,9.7240,1.3100,0.7032
2.9600,7.8490,12.8510,726.9000,0.0605,9.9130,1.7700,0.6880
2.7900,7.8840,13.1680,724.9000,0.0596,9.7890,2.4200,0.6712
2.3900,7.8190,12.3030,728.5000,0.0570,9.7570,1.6500,0.6725
2.2100,7.7710,11.7300,731.1000,0.0570,9.9170,1.7800,0.6842
2.1900,7.7550,11.5420,732.0000,0.0564,9.7330,1.5600,0.6776
2.2100,7.7570,11.6640,732.1000,0.0556,9.8710,1.2900,0.6767
2.8100,7.8570,13.0980,728.3000,0.0570,9.8490,1.7900,0.6535
2.8400,7.8890,13.6060,725.6000,0.0558,9.7480,1.5900,0.6388
2.3900,7.8120,12.3930,727.8000,0.0558,9.8300,2.1400,0.6429
2.2200,7.7710,11.8870,731.1000,0.0548,9.9030,1.6400,0.6527
2.2000,7.7520,11.7010,732.3000,0.0547,9.8970,1.6700,0.6495
2.2400,7.7470,11.6440,734.8000,0.0547,9.8970,1.4200,0.6495
2.9100,7.8350,12.9070,728.1000,0.0560,9.9450,2.3200,0.6345
3.0200,7.8680,13.4900,724.0000,0.0562,9.8760,2.3900,0.6229
2.7000,7.8000,12.4060,728.5000,0.0555,9.8840,2.2300,0.6254
2.6000,7.7650,11.8140,729.4000,0.0539,9.8250,1.7700,0.6219
2.6600,7.7470,11.7120,729.2000,0.0556,9.9630,1.6500,0.6164
2.6600,7.7470,11.6820,729.2000,0.0557,9.9790,2.0000,0.6178
3.2200,7.8270,12.8700,725.2000,0.0578,9.8280,1.8400,0.6027
3.1600,7.8840,13.7830,722.2000,0.0535,9.7900,1.2800,0.5736
2.7100,7.8170,12.4350,726.4000,0.0536,9.9100,1.5000,0.5979
2.4300,7.7740,11.9450,728.3000,0.0547,9.6790,1.2200,0.5963
2.3700,7.7520,11.6680,731.8000,0.0575,9.9130,1.7200,0.6046
2.4300,7.7490,11.7300,732.1000,0.0548,9.9390,1.0200,0.6100
3.2000,7.8360,13.1250,726.4000,0.0576,9.9990,2.0800,0.5945
3.2200,7.8950,13.6500,723.4000,0.0578,9.8170,1.6000,0.6013
2.8600,7.8190,12.6740,727.8000,0.0563,9.9060,1.8700,0.6046
2.8100,7.7710,12.1030,726.4000,0.0596,9.8810,1.8100,0.6273
2.7800,7.7470,11.8090,727.0000,0.0572,9.9210,1.5700,0.6321
2.8000,7.7460,11.7500,727.5000,0.0568,9.9900,1.2800,0.6232
3.4300,7.8540,13.2930,721.9000,0.0599,9.8770,2.0700,0.6178
3.5900,7.8930,13.8410,728.5000,0.0611,9.7940,1.9900,0.6054
3.0600,7.8120,12.6680,723.4000,0.0615,9.9130,1.9000,0.6189
2.8700,7.7740,12.2010,723.4000,0.0584,9.9210,1.5800,0.6263
2.7300,7.7600,11.9690,723.7000,0.0576,9.9520,1.4000,0.6267
2.6000,7.7570,11.8510,726.0000,0.0580,9.9170,1.5600,0.6206
3.5600,7.7900,13.2810,717.1000,0.0571,9.7040,0.6000,0.5822
3.5600,7.8650,14.1490,710.3000,0.0581,9.7620,1.1800,0.5696
3.2000,7.8240,13.3600,721.7000,0.0584,9.7630,0.8700,0.6126
3.0300,7.7870,12.8520,722.5000,0.0574,9.8620,0.8100,0.6204
2.9000,7.7740,12.6300,723.5000,0.0572,9.8740,0.5600,0.6257
2.7700,7.7730,12.5790,723.2000,0.0578,9.9170,0.6500,0.6155
3.7200,7.8860,14.1920,716.9000,0.0598,9.8490,1.4200,0.6069
3.5600,7.9160,14.5490,712.6000,0.0588,9.7160,1.2600,0.5875
3.1900,7.8510,13.6840,715.2000,0.0585,9.9670,0.6700,0.5942
3.3200,7.8060,13.0780,717.8000,0.0587,9.9960,1.1000,0.6173
3.3400,7.7790,12.8780,712.9000,0.0587,9.8340,1.3500,0.6189
2.9300,7.7970,12.6630,715.0000,0.0577,9.8900,0.8200,0.5958
3.4100,7.8980,13.9160,709.3000,0.0568,9.7350,0.7500,0.5577
3.1700,7.9840,14.7170,706.0000,0.0572,9.6340,0.5800,0.5315
2.8700,7.9000,13.7540,714.0000,0.0542,9.6890,0.5900,0.5572
2.7700,7.8380,13.2130,717.9000,0.0557,9.8450,0.6700,0.5839
2.7700,7.8120,13.0740,717.6000,0.0556,9.9760,0.4900,0.5766
2.6200,7.8080,13.0050,719.4000,0.0572,9.8720,0.4300,0.5686
3.5200,7.8950,14.6470,711.0000,0.0655,9.9790,1.0500,0.5362
3.8500,7.9820,15.7180,706.4000,0.0563,9.6600,1.4500,0.5217
3.2400,7.8980,14.4470,710.8000,0.0611,9.8860,1.3200,0.5163
3.1200,7.8510,13.7050,712.4000,0.0552,9.8820,0.5600,0.5244
3.0200,7.8300,13.4080,711.6000,0.1126,10.6530,0.7000,0.5140
2.8400,7.8060,13.0730,710.5000,0.0541,9.7000,0.7700,0.4978
3.9000,7.8970,14.8220,700.7000,0.0550,9.5500,0.9700,0.4773
3.8200,7.9780,15.5260,705.4000,0.0562,9.6040,1.4300,0.4731
3.4300,7.9060,14.5900,707.5000,0.0532,9.5820,1.0100,0.4656
3.4700,7.8630,13.9530,707.5000,0.0526,9.6300,0.9400,0.4538
3.4300,7.8410,13.6470,708.7000,0.0523,9.7220,0.9600,0.4510
3.3900,7.8350,13.4720,707.6000,0.0533,9.6230,0.6700,0.4482
3.6400,7.8980,14.4530,705.2000,0.0546,9.7190,1.0100,0.4396
3.3800,7.9200,14.5310,702.6000,0.0534,9.6620,1.0500,0.4290
3.3600,7.8790,13.9610,704.7000,0.0560,9.6870,0.7900,0.4449
3.3800,7.8470,13.5620,705.8000,0.0564,9.5390,1.0400,0.4490
3.3200,7.8220,13.2080,704.6000,0.0560,9.6390,0.9700,0.4554
2.9600,7.8220,13.1020,704.9000,0.0582,9.6750,0.8500,0.4516
3.8300,7.9350,14.6190,701.5000,0.0622,9.5410,1.1100,0.4582
3.5800,7.9730,14.1320,700.4000,0.0642,9.6960,1.7500,0.4567
2.8500,7.8700,12.9560,706.5000,0.0644,9.7490,2.0600,0.4842
2.6000,7.8280,12.5260,709.1000,0.0644,9.7490,1.6700,0.4842
2.5000,7.8110,12.2530,708.5000,0.0617,9.8180,1.1200,0.4890
2.4100,7.8110,12.2030,708.4000,0.0637,9.4920,1.6000,0.4843
3.4500,7.9140,13.6680,702.3000,0.0694,9.6950,2.0900,0.4747
2.9800,7.8870,13.2500,694.5000,0.0660,9.4370,2.4700,0.4420
2.6900,7.8490,12.6030,705.1000,0.0678,9.5410,1.9300,0.4800
2.5100,7.7980,12.0690,706.1000,0.0678,9.5410,1.4400,0.4800
2.4700,7.7840,11.8590,706.2000,0.0664,9.6900,1.5800,0.4833
2.3700,7.7460,11.5100,695.4000,0.0623,9.3370,1.6100,0.4421
2.7100,7.8220,12.4380,698.5000,0.0656,9.5700,1.6800,0.4636
2.6000,7.8620,12.7130,701.7000,0.0690,9.4610,2.0400,0.4568
2.3400,7.7980,11.9280,706.4000,0.0639,9.7150,1.7400,0.4580
2.1100,7.7760,11.5880,710.0000,0.0639,9.7150,1.3100,0.4580
1.6800,7.7950,11.5880,716.8000,0.0644,9.8270,1.2000,0.4643
1.5600,7.7870,11.3260,723.2000,0.0601,9.7910,0.7600,0.4613
2.2500,7.8980,12.7230,710.0000,0.0556,9.2260,2.2000,0.4364
2.0200,7.9930,13.3490,707.2000,0.0574,9.2280,1.8300,0.4389
1.3400,7.8970,12.2710,712.1000,0.0558,9.2650,1.2600,0.4529
1.0700,7.8600,11.8700,716.9000,0.0558,9.2650,1.2400,0.4529
1.0700,7.8200,11.8390,721.8000,0.0492,9.2410,0.8100,0.4457
0.9500,7.8330,12.0820,724.4000,0.0507,9.1910,0.2500,0.4635
1.8700,7.9360,13.4810,717.0000,0.0567,9.1600,1.7500,0.4512
1.6800,8.0240,14.2550,715.9000,0.0559,9.1800,3.1700,0.4456
1.2300,7.9220,13.0510,723.7000,0.0852,9.0810,0.4700,0.4567
1.1300,7.8730,12.5840,726.8000,0.0852,9.0810,0.6200,0.4567
1.1800,7.8430,12.2170,727.2000,0.0852,9.0810,0.3400,0.4567
1.3700,7.8350,12.2940,726.6000,0.0499,9.3510,0.5300,0.4902
2.2900,7.9240,13.7640,719.7000,0.0499,9.3510,3.8600,0.4902
2.1900,7.9760,14.3800,719.6000,0.0542,9.3620,2.6400,0.4667
1.7800,7.9300,13.7360,723.9000,0.0523,9.2450,1.3100,0.4673
1.7100,7.8780,13.1150,726.9000,0.0523,9.2450,0.6800,0.4673
1.7200,7.8570,12.9840,728.6000,0.0523,9.2450,0.2200,0.4673
1.8300,7.8440,12.8870,729.0000,0.0504,9.3300,2.1000,0.4801
2.9600,7.9550,13.7720,719.1000,0.0549,9.2430,3.8300,0.4645
2.9600,8.0190,14.8720,711.2000,0.0545,9.1740,4.8100,0.4394
2.4600,7.9780,13.9250,714.5000,0.0495,9.1870,1.8000,0.4430
2.2500,7.9170,13.6750,719.9000,0.0495,9.1870,0.7400,0.4430
2.2100,7.8810,13.2760,722.7000,0.0463,9.4520,0.5000,0.4436
2.2600,7.8680,13.1910,723.0000,0.0492,9.3860,2.7400,0.4436
3.0900,7.9650,14.5470,715.3000,0.0495,9.4070,1.2200,0.4217
3.3000,8.0280,15.2770,711.6000,0.0468,9.2870,2.2700,0.4091
2.8800,7.9680,14.5470,714.8000,0.0461,9.6670,1.0600,0.4040
2.6300,7.9190,13.9300,716.7000,0.0461,9.6670,0.7400,0.4040
2.5000,7.8860,13.4700,720.0000,0.0447,9.1700,0.6300,0.3976
2.5400,7.8810,13.1470,722.0000,0.0465,9.2140,0.6700,0.3935
3.5200,7.9740,15.0140,713.9000,0.0498,9.2880,1.5300,0.3793
3.7200,8.0440,15.7430,708.8000,0.0465,9.1190,2.0700,0.3634
3.0400,7.9870,14.8270,710.6000,0.0460,9.1800,1.0500,0.3579
2.7500,7.9240,14.1530,715.1000,0.0460,9.1800,0.8100,0.3579
2.6100,7.8860,13.5970,715.8000,0.0464,9.2610,0.6900,0.3635
2.7300,7.8760,13.6400,715.2000,0.0462,9.0490,0.7700,0.3620
3.7100,7.9790,14.6780,708.2000,0.0510,9.2030,2.1600,0.3452
3.7200,8.0570,15.9020,703.1000,0.0489,9.0310,1.9800,0.3256
3.1900,8.0010,14.6250,709.7000,0.0465,9.0830,1.6600,0.3293
2.9500,7.9240,14.1880,709.7000,0.0465,9.0830,0.8700,0.3293
2.8700,7.8820,13.5750,711.5000,0.0446,9.1330,0.8000,0.3370
2.8600,7.8650,13.5670,712.2000,0.0446,9.1330,0.7900,0.3370
3.7600,7.9490,15.1090,706.4000,0.0482,8.8770,1.6600,0.3229
3.7500,8.0060,15.4720,698.7000,0.0480,8.9750,2.6300,0.3087
3.5700,7.9570,14.9980,701.2000,0.0456,8.8920,1.3900,0.3192
3.2700,7.9080,14.3710,704.2000,0.0456,8.8920,1.0800,0.3192
3.1000,7.8660,13.7570,706.9000,0.0437,9.0550,0.8500,0.3200
3.0300,7.8470,13.5030,706.5000,0.0474,9.0450,1.9200,0.3226
4.1200,7.9390,14.9180,696.6000,0.0466,8.8490,1.7500,0.3105
4.0900,8.0110,15.5400,693.1000,0.0462,8.7990,1.7300,0.2919
3.6000,7.9410,14.3880,700.2000,0.0431,8.9330,1.2500,0.3027
3.4600,7.8920,13.8960,702.7000,0.0431,8.9330,1.2500,0.3027
3.3800,7.8590,13.7690,701.4000,0.0435,9.0310,1.0400,0.2985
3.2200,7.8390,12.8950,703.6000,0.0437,8.8900,0.7500,0.2968
4.2800,7.9380,14.4450,694.7000,0.0461,8.9400,2.5000,0.2872
4.2900,7.9920,15.5260,689.3000,0.0471,8.7630,2.3600,0.2685
3.8800,7.9350,14.3730,696.4000,0.0471,8.7630,1.2800,0.2685
3.8200,7.8840,13.8490,696.7000,0.0446,8.8250,1.9100,0.2750
3.7500,7.8510,13.3240,697.6000,0.0431,8.7850,1.6900,0.2724
3.2800,7.8390,12.8950,696.7000,0.0434,8.8340,2.1800,0.2620
3.8200,7.9460,14.2580,688.5000,0.0436,8.6350,1.5300,0.2460
3.6800,8.0130,14.8210,687.2000,0.0429,8.4570,2.0600,0.2340
3.2200,7.9930,14.4440,695.5000,0.0430,8.5950,1.6500,0.2328
2.9100,7.9250,13.6330,700.2000,0.0414,8.5340,0.9300,0.2388
2.8300,7.8790,13.2610,701.5000,0.0411,8.7550,0.7400,0.2500
3.0100,7.8680,13.6040,698.7000,0.0445,8.6300,1.0800,0.2533
3.3900,7.9490,13.8670,703.0000,0.0490,8.8150,1.0700,0.2658
3.5400,8.0970,15.9040,691.5000,0.0525,8.6530,1.6300,0.2150
2.9100,8.0140,14.3770,698.0000,0.0481,8.6580,0.6700,0.2341
2.6200,7.9490,13.1160,702.2000,0.0459,8.6470,0.5100,0.2410
2.5900,7.9050,13.2210,702.0000,0.0445,8.6500,0.3300,0.2464
2.7200,7.8970,12.7610,703.8000,0.0438,8.5980,0.5300,0.2471
3.8400,7.9920,14.1430,693.4000,0.0452,8.7700,2.1000,0.2397
4.0400,8.0860,14.9410,688.2000,0.0454,8.6360,1.9000,0.2267
3.4900,8.0090,14.7210,691.0000,0.0440,8.4980,0.8600,0.2417
3.1900,7.9540,13.3270,695.7000,0.0425,8.5720,0.8500,0.2407
3.1100,7.9250,13.4670,694.9000,0.0421,8.5240,0.5000,0.2453
3.0200,7.9000,13.2220,697.6000,0.0457,8.5930,1.9700,0.2450
4.0900,8.0110,14.1780,692.3000,0.0491,8.6280,3.8300,0.2414
4.1900,8.1080,15.7040,688.0000,0.0472,8.5140,3.1000,0.2326
3.5800,8.0430,14.1130,690.5000,0.0430,8.5000,2.1500,0.2361
3.1800,7.9700,13.3490,694.6000,0.0420,8.5480,0.9000,0.2406
2.9800,7.9330,12.8230,696.1000,0.0424,8.5770,0.6000,0.2427
2.8600,7.9170,13.3050,696.9000,0.0487,8.4380,4.3600,0.2451
3.8500,8.0050,14.7510,689.5000,0.0469,8.5210,2.0300,0.2368
4.0000,8.0870,15.4590,683.3000,0.0475,8.4720,3.3300,0.2327
3.6800,8.0350,14.6250,687.8000,0.0441,8.5020,1.2300,0.2460
3.4400,7.9680,13.3130,690.0000,0.0436,8.4420,0.6700,0.2564
3.3100,7.9280,13.4700,690.3000,0.0478,8.4620,0.5600,0.2727
3.1300,7.9060,13.0640,691.0000,0.0478,8.5910,3.2600,0.2816
3.5100,7.9840,13.4470,690.8000,0.0538,8.4620,2.4400,0.2948
3.6300,8.0700,14.0070,689.5000,0.0544,8.6800,3.4500,0.3054
3.3900,8.0240,14.3360,689.5000,0.0533,8.6800,1.1800,0.3188
2.9900,7.9540,13.4410,690.2000,0.0473,8.4880,0.5500,0.3123
2.6600,7.9240,12.9810,694.1000,0.0550,8.6250,0.4100,0.3500
2.5900,7.9270,12.4060,697.8000,0.0577,8.5930,1.1700,0.3814
3.7900,8.0270,14.5160,686.6000,0.0594,8.6010,0.5800,0.3624
3.8400,8.1550,15.5270,682.8000,0.0565,8.5330,1.1500,0.3498
3.1000,8.0600,13.5180,689.9000,0.0517,8.5180,0.4800,0.3696
2.7700,8.0130,13.0770,692.7000,0.0550,8.6450,0.6700,0.3867
2.5900,7.9620,12.7220,696.7000,0.0585,8.6750,0.6400,0.3949
2.5200,7.9430,12.5500,697.9000,0.0578,8.6360,0.4600,0.4011
3.7500,8.0570,14.9530,688.5000,0.0599,8.5140,0.8600,0.3736
4.0100,8.2000,15.8260,683.9000,0.0607,8.6330,1.2500,0.3661
3.2600,8.1320,14.7690,688.9000,0.0594,8.4760,0.8600,0.3736
2.9400,8.0460,13.3980,691.0000,0.0538,8.6070,0.6900,0.3612
2.7300,8.0000,13.7970,692.3000,0.0569,8.5760,0.3100,0.3600
2.7400,8.0010,13.0960,695.5000,0.0595,8.6780,0.7200,0.3470
4.1300,8.0780,14.6870,687.6000,0.0590,8.6900,1.8200,0.3325
4.2700,8.2270,15.9470,678.7000,0.0569,8.5270,2.4800,0.3115
3.6300,8.1680,15.2650,688.0000,0.0536,8.5980,1.6700,0.2969
3.1600,8.0730,14.8230,687.5000,0.0509,8.5950,0.3600,0.2932
2.9400,8.0460,14.5010,690.6000,0.0543,8.7880,1.2200,0.2929
2.8400,8.0170,14.4040,691.4000,0.0555,8.7130,0.6200,0.2871
3.9000,8.1550,15.6650,682.2000,0.0537,8.7260,1.7500,0.2693
4.3000,8.2870,16.8470,676.1000,0.0528,8.6370,2.3300,0.2544
3.9100,8.2030,15.9610,681.7000,0.0524,8.6410,1.6000,0.2554
3.4600,8.1350,15.3850,686.2000,0.0544,8.6270,2.3600,0.2457
3.1800,8.0490,15.0740,686.2000,0.0529,8.6480,1.0100,0.2541
3.1400,8.0300,14.7020,691.3000,0.0505,8.6970,0.8400,0.2518
4.5100,8.1400,16.2240,678.5000,0.0516,8.5560,2.2400,0.2404
4.6600,8.2480,17.2990,672.6000,0.0527,8.5830,7.0300,0.2247
3.9100,8.1920,16.4230,678.3000,0.0506,8.5430,2.8000,0.2232
3.5400,8.1130,15.5440,681.7000,0.0501,8.5940,2.4400,0.2232
3.2900,8.0380,15.2590,682.5000,0.0476,8.5290,1.2200,0.2295
3.4200,8.0250,14.8170,684.3000,0.0482,8.6970,2.4100,0.2366
4.9200,8.1350,16.3530,672.2000,0.0483,8.5580,2.4600,0.2293
4.9700,8.2300,16.8050,665.8000,0.0432,8.4990,2.8000,0.2075
4.1800,8.2170,16.3620,671.7000,0.0511,8.4800,2.8000,0.2050
3.7300,8.0940,15.7910,679.9000,0.0511,8.4800,1.0100,0.2050
3.4200,8.0400,15.0330,685.4000,0.0436,8.6260,1.0300,0.2240
3.4300,8.0280,15.0370,686.6000,0.0447,8.7680,1.2700,0.2264
4.8900,8.1050,16.1650,654.6000,0.0468,8.4870,2.1800,0.2093
5.0600,8.2630,16.9710,659.7000,0.0503,8.5250,4.2200,0.1898
4.4800,8.2290,16.4590,672.8000,0.0460,8.6300,4.0500,0.1938
4.0300,8.1080,15.8460,679.3000,0.0458,8.5420,2.1200,0.2052
3.7800,8.0490,15.3410,679.3000,0.0450,8.6140,1.8900,0.2022
3.7700,7.9980,14.7910,672.3000,0.0444,8.6460,0.7600,0.2043
4.7300,8.1710,16.4140,673.1000,0.0466,8.6840,3.4500,0.1971
5.0100,8.2600,16.7950,669.2000,0.0495,8.4510,5.2500,0.1758
4.1300,7.9740,14.1910,667.1000,0.0437,8.4780,1.8000,0.1898
5.3000,8.1410,16.0410,650.5000,0.0458,8.2020,2.5500,0.1739
5.4200,8.2190,16.1900,633.3000,0.0428,8.0520,2.9900,0.1655
4.4800,8.1140,15.4380,637.9000,0.0452,8.0640,2.1000,0.1721
3.7900,8.0700,14.3020,651.8000,0.0401,8.2770,1.3200,0.1897
3.5600,8.0000,13.6010,654.2000,0.0371,8.2270,0.7100,0.1894
3.5600,8.0330,14.3230,654.9000,0.0453,8.3070,1.6400,0.2120
4.8900,8.1700,15.6650,642.4000,0.0478,8.3680,5.1900,0.1961
5.0400,8.2710,15.8530,639.7000,0.0450,8.1450,3.7200,0.1998
4.1100,8.1940,14.9980,645.7000,0.0433,8.2720,3.6700,0.2065
3.5900,8.0980,14.6450,648.2000,0.0453,8.2000,1.8100,0.2221
3.3800,8.0360,14.1970,650.6000,0.0450,8.3790,1.4600,0.2451
3.5100,7.9820,14.2480,632.5000,0.0437,7.9040,2.2800,0.2213
5.0500,8.3330,16.0890,636.7000,0.0446,8.1110,2.9300,0.2401
4.5200,8.1890,14.8190,627.2000,0.0439,7.9670,2.5000,0.2086
3.9900,8.1680,14.5580,641.0000,0.0439,7.9670,2.2000,0.2086
3.8200,8.1210,14.4680,642.4000,0.0464,8.2980,1.9600,0.2433
3.9500,8.0510,14.7290,632.1000,0.0446,7.8290,1.5100,0.2066
5.3900,8.2480,15.1590,631.2000,0.0450,8.0960,3.2700,0.2176
5.9400,8.2970,15.5460,621.0000,0.0437,8.0780,2.9400,0.2026
4.9500,8.1480,15.1550,614.8000,0.0429,7.8510,1.7100,0.1944
4.4900,8.1440,14.8770,629.9000,0.0435,7.9650,1.5300,0.2025
4.6700,8.0080,14.1200,618.4000,0.0413,7.7590,1.6300,0.1893
4.9400,7.9490,13.6410,607.7000,0.0416,7.7380,1.5200,0.1838
4.8900,8.1510,14.5070,626.8000,0.0430,7.8290,2.5200,0.1899
4.8500,8.1760,14.6070,626.8000,0.0443,8.0460,2.8200,0.1998
4.6900,8.0940,13.9400,621.4000,0.0418,7.5340,1.9500,0.1863
4.6900,7.9740,13.6070,606.8000,0.0455,7.5730,1.5500,0.1867
4.1400,8.0600,12.5500,621.2000,0.0442,7.9600,2.0000,0.2093
3.5800,8.0510,12.1270,620.1000,0.0469,7.9890,3.4200,0.2158
3.3800,8.1540,12.6870,621.9000,0.0597,7.8070,7.2100,0.2281
3.8100,8.2560,13.3110,619.5000,0.0561,7.6080,5.2300,0.2166
2.8600,8.1870,12.3710,617.6000,0.0563,7.6840,4.8800,0.2192
2.1800,8.1030,11.5620,614.4000,0.0540,7.5000,4.0100,0.2115
1.8400,8.0680,11.6000,619.7000,0.0551,7.7310,3.5900,0.2454
1.9800,8.0330,11.3660,612.2000,0.0579,7.6790,5.5700,0.2544
2.3200,8.1890,12.4690,615.9000,0.0619,7.8260,4.9100,0.2851
1.8900,8.1920,12.1930,620.4000,0.0751,7.7930,23.9600,0.2647
1.8900,8.1670,12.1190,620.0000,0.0620,7.6970,7.1300,0.3090
1.3100,8.1030,11.6140,623.6000,0.0593,7.9190,7.9100,0.2882
1.3600,8.0700,11.3580,622.9000,0.0584,7.6350,4.6000,0.3055
1.4100,8.0540,11.3310,624.4000,0.0605,7.7180,6.2100,0.3310
1.8200,8.1620,12.3260,618.9000,0.0624,7.6200,6.3200,0.3438
1.9900,8.2000,12.5530,618.4000,0.0653,7.7170,7.8900,0.3495
1.7600,8.1600,12.2250,617.7000,0.0618,7.7320,3.4500,0.3568
1.5800,8.1190,11.9100,619.2000,0.0636,7.8340,5.6500,0.3677
1.3200,8.0810,11.3240,624.3000,0.0646,7.7630,6.7200,0.3638
1.4600,8.0780,11.4230,621.6000,0.0610,7.7930,4.0100,0.3759
1.8200,8.2120,12.3630,620.2000,0.0604,9.0690,3.8600,0.3698
2.2400,8.3090,12.9540,613.4000,0.0604,9.0690,5.0400,0.3698
1.8700,8.2720,12.2960,614.1000,0.0617,8.9980,5.2800,0.3720
1.6300,8.2230,12.2410,616.3000,0.0639,8.8820,4.7400,0.3749
1.5100,8.1570,11.7520,621.1000,0.0584,9.0410,5.2000,0.3809
1.6200,8.1320,11.8040,624.1000,0.0585,9.0300,3.7900,0.3827
2.5800,8.2620,12.7930,612.4000,0.0595,9.0680,3.1800,0.3784
2.9100,8.3710,13.6140,606.1000,0.0590,8.9100,3.7600,0.3711
2.4000,8.3220,13.0370,608.1000,0.0572,8.9660,3.5000,0.3866
2.2100,8.2390,12.3920,608.6000,0.0607,9.0310,6.5700,0.4000
2.1700,8.1830,12.1590,609.1000,0.0614,8.8790,10.4500,0.4006
1.7700,8.1050,12.7070,613.7000,0.0625,9.0350,12.1400,0.4073
2.7100,8.3090,14.0630,606.0000,0.0668,8.8770,8.6200,0.4190
2.9300,8.3850,14.3190,604.3000,0.0644,8.8720,6.0600,0.4145
2.5500,8.3510,14.1970,605.0000,0.0692,8.9200,4.0600,0.4406
2.4000,8.2910,13.5150,603.1000,0.0749,8.9810,4.7500,0.4772
2.2100,8.2330,13.1590,603.8000,0.0777,8.9400,4.6200,0.4967
2.2100,8.2530,13.2970,602.7000,0.0927,8.9140,5.9300,0.5380
3.6300,8.3650,14.3750,597.2000,0.1011,9.1080,4.2200,0.5577
4.1500,8.5090,15.0990,592.7000,0.0997,8.9590,4.1700,0.5448
3.0100,8.3990,14.1630,598.7000,0.1080,8.9760,4.2200,0.5961
2.6900,8.2790,13.3420,597.9000,0.1190,9.1510,17.2600,0.6342
2.4700,8.1790,12.7020,600.1000,0.1212,9.2230,23.1100,0.6564
2.3800,8.2330,13.1180,599.2000,0.1466,9.1440,15.8800,0.7722
3.6400,8.3050,13.5330,597.0000,0.1289,9.0000,7.3000,0.6883
4.1800,8.4610,14.4550,591.0000,0.1454,9.1190,13.0800,0.7615
3.6400,8.3590,13.8190,594.0000,0.1364,9.0690,11.2800,0.7527
2.7400,8.2650,13.2400,595.0000,0.1755,9.2950,34.8100,0.8573
2.7100,8.1750,12.8900,596.4000,0.1698,9.2530,27.1900,0.8688
2.7800,8.1670,12.7200,596.4000,0.1572,9.1380,19.5200,0.8975
3.9400,8.3230,13.9590,590.3000,0.1606,9.0820,7.7900,0.9265
4.3000,8.4670,14.4220,590.2000,0.1529,8.9910,8.3000,0.8577
3.6400,8.3790,13.9720,592.4000,0.1510,9.1120,6.9400,0.8708
3.3200,8.2930,13.4740,591.5000,0.1630,9.0560,12.1700,0.9049
3.0700,8.2190,13.2400,594.9000,0.1720,9.0900,9.9800,0.9903
3.1700,8.1890,12.9740,594.1000,0.1662,9.0870,7.1100,1.0232
4.1200,8.3930,14.2740,591.4000,0.1723,9.1400,6.3800,1.0303
4.5100,8.5170,14.7010,586.3000,0.1760,9.1830,14.0100,1.0008
3.8700,8.4930,14.5850,591.0000,0.1796,9.3410,6.6400,1.0560
3.4700,8.3790,13.9410,588.9000,0.1933,9.2590,14.3100,1.0831
3.2000,8.2570,13.1890,590.4000,0.1810,9.2710,18.2600,1.0846
3.2300,8.3010,13.5320,591.2000,0.1889,9.2710,13.0800,1.1361
4.4200,8.4970,14.4560,585.0000,0.1735,9.1530,8.2200,1.0512
4.6300,8.6590,15.0110,579.5000,0.1613,9.0130,7.9600,0.9598
4.0400,8.5570,14.3220,584.3000,0.1517,8.8180,9.7200,0.9489
3.0500,8.4670,13.9420,591.8000,0.1787,9.0510,9.6100,1.0704
2.6200,8.3290,13.1380,593.3000,0.1669,9.0610,21.8700,1.0276
2.6500,8.3330,13.1300,594.5000,0.1707,9.0690,19.9100,1.0437
3.8300,8.4650,13.8940,588.0000,0.1617,9.1160,11.9500,0.9729
4.6400,8.5490,14.3990,580.1000,0.1312,8.8570,11.3300,0.9059
3.5800,8.5490,14.2760,592.5000,0.1455,8.9960,8.5700,0.9804
3.2100,8.4470,13.7140,591.9000,0.1455,8.9960,8.8200,0.9804
3.1300,8.3390,13.1290,592.4000,0.1388,8.9010,14.1200,0.9424
2.8500,8.2350,12.1950,594.0000,0.1278,8.8970,8.1700,0.8970
3.8300,8.5870,14.6170,584.0000,0.1337,8.9000,7.0800,0.8869
4.6800,8.7540,15.4400,582.3000,0.1299,8.7660,6.2200,0.9559
3.8600,8.7060,15.1510,582.9000,0.1290,8.8210,5.9300,0.8741
3.4800,8.6090,14.7010,583.9000,0.1290,8.8210,10.2500,0.8741
3.3500,8.5390,14.5690,584.4000,0.1455,8.8900,17.2300,0.8527
3.7500,8.5070,14.1120,583.4000,0.1613,9.0330,41.6600,0.8470
5.2700,8.6210,15.1100,574.1000,0.1195,8.7430,9.3000,0.7592
5.3600,8.9440,17.5370,575.8000,0.1200,8.5660,4.7300,0.7633
4.5500,8.8740,16.6020,575.3000,0.1166,8.5760,4.9600,0.7104
3.8700,8.7560,15.9130,579.1000,0.1196,8.6470,10.2500,0.7024
3.6100,8.6370,15.3480,582.0000,0.1180,8.8710,13.3700,0.6868
3.8100,8.6290,15.5010,573.9000,0.1244,8.5510,20.0900,0.6479
5.2800,8.6940,15.0290,569.2000,0.1174,8.3950,18.6000,0.5945
5.3900,8.9600,16.9260,562.4000,0.1067,8.1430,7.5600,0.5441
4.5700,8.9440,16.7670,573.8000,0.1068,8.5980,4.9800,0.5963
4.2500,8.8280,15.9910,573.5000,0.1043,8.3810,6.3900,0.5805
4.1100,8.7700,16.1950,574.3000,0.1131,8.6240,6.3500,0.5776
4.0400,8.7220,15.6140,571.3000,0.1067,8.4210,11.0400,0.5780
5.6300,8.8520,16.4380,563.6000,0.1066,8.4780,15.2100,0.5314
5.9400,9.0400,18.1190,569.2000,0.0988,8.4500,8.0900,0.5438
5.1300,8.9300,17.0160,567.2000,0.0952,8.4270,5.5200,0.5325
4.5200,8.8040,16.1300,570.3000,0.0922,8.3970,5.0100,0.5433
4.2400,8.6250,14.5880,574.9000,0.0915,8.2540,11.5800,0.5269
4.2100,8.6390,15.2540,568.6000,0.0892,8.1800,5.8600,0.5288
5.7900,8.7420,15.2530,564.4000,0.0842,8.2040,8.8500,0.4776
6.0800,8.9400,16.4450,561.2000,0.0819,8.1190,4.8600,0.4618
5.0800,8.8800,16.0890,564.1000,0.0845,8.1610,4.6300,0.4502
4.4500,8.7280,15.1170,566.7000,0.0802,7.9750,3.9400,0.4497
3.7800,8.6150,14.6730,569.0000,0.0811,8.0570,4.2500,0.4519
3.8500,8.5770,14.5040,565.3000,0.0910,8.0270,19.0300,0.4626
5.5200,8.6390,14.5920,561.5000,0.0791,8.0080,13.6200,0.4252
6.1500,8.9380,16.7750,558.2000,0.0711,7.9710,3.5100,0.3940
5.3700,8.8560,16.0030,559.0000,0.0768,8.0200,3.4200,0.3974
4.6900,8.7940,15.9870,564.4000,0.0779,7.8870,3.8300,0.3807
4.2700,8.6370,14.5580,560.2000,0.0675,7.8350,3.9300,0.3716
4.2800,8.7260,15.6140,558.8000,0.0768,7.7810,6.8600,0.3651
5.7200,8.8160,15.5010,551.8000,0.0699,7.7780,4.3200,0.3318
6.0400,8.9440,15.8670,547.7000,0.0677,7.7290,3.6600,0.3058
5.1000,8.8880,15.3960,552.2000,0.0679,7.8300,3.6500,0.3129
4.4500,8.7700,15.2070,556.0000,0.0695,8.1040,2.7300,0.3124
3.9500,8.6570,14.5210,552.7000,0.0644,7.6630,2.6900,0.3032
4.0000,8.5450,14.0080,549.6000,0.0746,7.5390,13.4700,0.3032
6.0400,8.4050,14.8190,555.8000,0.0688,7.5410,14.9800,0.2915
6.3900,8.5780,16.3600,554.0000,0.0671,7.5490,13.2100,0.2843
5.3500,8.5310,16.1290,555.8000,0.0651,7.7000,13.4200,0.2832
4.8500,8.4350,15.5150,560.5000,0.0687,7.6060,10.8000,0.2856
4.4300,8.3760,15.1920,555.1000,0.0663,7.4710,10.1400,0.2751
4.3600,8.4000,15.6790,552.3000,0.0697,7.4970,14.4300,0.2727
6.0700,8.5700,15.5860,542.2000,0.0620,7.3870,3.7100,0.2567
6.6700,8.7240,16.9500,541.3000,0.0606,7.5490,3.1000,0.2473
5.8100,8.6460,16.0980,546.7000,0.0623,7.4920,3.2900,0.2525
5.6400,8.5720,15.4050,544.3000,0.0635,7.3970,3.1700,0.2472
5.2700,8.5320,15.3130,539.4000,0.0643,7.3720,2.7300,0.2427
5.4900,8.3440,13.6870,536.8000,0.0639,7.3340,2.5500,0.2335
6.1500,8.5070,14.9550,535.9000,0.0584,7.1760,2.2200,0.2310
6.1600,8.5780,15.3400,536.7000,0.0559,7.3660,3.6400,0.2560
5.5500,8.5360,15.0680,535.5000,0.0574,7.2610,2.0000,0.2578
5.2400,8.4640,14.5890,537.7000,0.0569,7.3600,2.1400,0.2630
4.8000,8.3520,13.5250,539.1000,0.0552,7.3400,1.0700,0.2617
4.7300,8.2940,12.8590,537.3000,0.0534,7.1720,1.4700,0.2539
6.5800,8.4820,14.6540,533.2000,0.0549,7.3460,2.2100,0.2326
7.2100,8.5910,15.3720,529.5000,0.0767,7.1170,1.7600,0.2160
6.5000,8.5500,14.7900,530.5000,0.0545,7.1270,1.2800,0.2138
5.6900,8.4850,14.2280,532.4000,0.0555,7.0680,2.0700,0.2114
5.1700,8.4190,13.7500,531.4000,0.0568,7.0870,1.6300,0.1952
5.2500,8.4300,13.8770,528.8000,0.0559,6.9580,1.2100,0.1962
7.1100,8.5200,14.7130,525.7000,0.0545,6.9550,1.5800,0.1811
7.5300,8.6240,15.4750,525.4000,0.0509,6.8970,1.4300,0.1670
7.2200,8.5690,14.6450,528.0000,0.0617,7.0300,2.0800,0.1645
6.4300,8.5100,14.1520,532.7000,0.0536,6.9870,1.7800,0.1633
5.8900,8.4340,13.6010,530.7000,0.0541,7.2190,1.5800,0.1617
5.9400,8.4010,13.2560,530.3000,0.0561,7.0440,1.7000,0.1559
8.0000,8.4950,14.3710,528.3000,0.0547,7.0750,1.2800,0.1437
8.5600,8.6380,15.3400,526.3000,0.0545,6.9530,1.0900,0.1257
7.8500,8.6260,14.8590,525.6000,0.0566,6.9340,1.5200,0.1188
7.4400,8.5020,13.7020,529.7000,0.0534,7.0230,1.5700,0.1282
6.9400,8.4440,13.5590,528.0000,0.0600,6.9910,1.2700,0.1325
7.1600,8.4520,13.6940,528.2000,0.0576,6.9320,2.0400,0.1349
8.6900,8.5310,14.5390,525.2000,0.0517,6.9070,0.5800,0.1186
9.3600,8.6780,15.5460,524.7000,0.0520,6.9130,0.6600,0.1076
9.1700,8.5990,14.7100,524.6000,0.0544,6.8640,1.6700,0.1105
8.6100,8.4850,13.7040,525.7000,0.0544,6.8640,1.7600,0.1105
8.0600,8.3950,13.1520,528.1000,0.0622,7.0220,1.9500,0.1271
8.1100,8.4190,13.4480,528.0000,0.0606,6.9330,0.9300,0.1169
9.3200,8.4710,13.8200,524.9000,0.0597,6.8320,1.0800,0.1104
9.4600,8.3760,14.5890,487.4000,0.0527,6.1410,0.8200,0.0794
9.0800,8.6000,14.5430,524.1000,0.0570,6.8500,1.6200,0.0958
8.7500,8.5260,14.1060,522.4000,0.0570,6.8500,2.1800,0.0958
7.8400,8.3700,12.3400,524.9000,0.0582,6.7570,2.4200,0.1005
7.2800,8.3580,12.1030,524.4000,0.0556,6.6580,3.1900,0.0962
8.9100,8.4610,13.0310,523.6000,0.0569,6.7030,2.4200,0.0817
9.4200,8.5860,13.5870,523.2000,0.0570,6.6480,2.3500,0.0714
8.5600,8.4690,12.7980,516.6000,0.0514,6.5510,2.4100,0.0638
7.9500,8.4490,12.2130,525.6000,0.0552,6.6700,1.8600,0.0706
7.4500,8.4140,12.0890,525.3000,0.0534,6.6660,1.9800,0.0714
7.5000,8.3950,12.0310,523.6000,0.0555,6.9360,2.0600,0.0633
9.0700,8.4170,12.5110,523.6000,0.0432,6.2630,1.6500,0.0659
9.5100,8.6100,13.6180,522.7000,0.0450,6.3910,1.8900,0.0463
8.9400,8.5660,13.2380,524.1000,0.0436,6.3810,2.3400,0.0461
8.5800,8.4450,12.3930,527.0000,0.0423,6.3630,2.3700,0.0531
8.0800,8.3000,11.3230,528.6000,0.0438,6.3080,2.3900,0.0626
7.8800,8.3470,11.9150,523.7000,0.0438,6.2320,1.5600,0.0519
8.7900,8.3820,12.5530,512.0000,0.0420,5.9940,1.8500,0.0436
9.4400,8.5660,13.2560,519.8000,0.0419,6.2650,1.5800,0.0374
8.6200,8.5360,12.4890,524.4000,0.0419,6.2460,2.0400,0.0354
7.7300,8.4080,11.4470,526.0000,0.0472,6.2310,1.7600,0.0433
7.1600,8.3870,11.5310,525.3000,0.0458,6.2980,2.1300,0.0359
6.9300,8.2620,10.7920,525.6000,0.0392,6.1340,0.9100,0.0463
8.6600,8.4150,12.3640,522.5000,0.0398,6.1000,0.7600,0.0312
9.1900,8.5560,13.0430,523.4000,0.0381,6.1080,1.2000,0.0261
8.4100,8.5020,12.3260,526.3000,0.0381,6.1810,1.8000,0.0274
7.0100,8.3740,11.5840,522.7000,0.0406,6.0990,2.2100,0.0262
8.0400,8.2830,11.2680,513.8000,0.0394,5.8290,2.7400,0.0282
7.9300,8.2680,10.9410,517.3000,0.0408,5.7770,2.0600,0.0421
8.2400,8.3550,11.4190,518.1000,0.0419,5.9490,2.0800,0.0352
8.5600,8.3900,11.5310,521.6000,0.0398,5.8280,1.7200,0.0529
8.1600,8.4120,11.5400,520.5000,0.0413,5.7990,3.0500,0.0269
8.0000,8.3320,10.9840,523.3000,0.0413,5.7990,3.8500,0.0269
7.9700,8.2970,10.7100,525.9000,0.0452,5.9340,3.3000,0.0349
7.8800,8.2110,10.4020,521.8000,0.0423,5.7610,2.3000,0.0378
8.4100,8.3270,11.2920,520.7000,0.0412,5.7040,1.8100,0.0359
9.4400,8.4830,12.1590,523.3000,0.0434,5.8540,1.8900,0.0308
9.0300,8.4720,11.9750,523.9000,0.0466,5.7970,2.1300,0.0341
8.5900,8.4230,11.8250,523.9000,0.0463,5.8630,2.8400,0.0395
8.3100,8.3650,11.4310,526.9000,0.0578,5.7670,2.7000,0.0521
8.2900,8.2700,10.8610,526.3000,0.0484,5.6830,2.1000,0.0602
9.9500,8.4760,12.4390,526.3000,0.0485,5.7550,1.3000,0.0611
10.4000,8.6380,13.5310,524.4000,0.0455,5.6900,1.4200,0.0504
9.8400,8.6120,13.0010,525.9000,0.0500,5.6770,2.6000,0.0553
9.3700,8.5120,12.1430,525.1000,0.0564,5.7310,3.7700,0.0549
8.9400,8.3920,11.3780,525.6000,0.0543,5.6340,4.1200,0.0590
8.8800,8.4170,11.5180,526.4000,0.0523,5.6700,2.5100,0.0468
9.1800,8.5130,12.2720,527.8000,0.0500,5.6210,1.9100,0.0509
9.2400,8.6050,12.8720,526.7000,0.0500,5.6240,2.1000,0.0557
9.0200,8.5780,12.2840,527.2000,0.0542,5.6110,2.7100,0.0471
8.9000,8.4910,11.8480,528.5000,0.0556,5.5940,3.6200,0.0480
8.6300,8.3710,11.0240,526.1000,0.0541,5.5880,3.7700,0.0571
8.6900,8.4550,11.6520,526.5000,0.0571,5.5670,2.9000,0.0561
10.4600,8.3170,12.0910,507.5000,0.0435,5.1290,1.3000,0.0625
10.9600,8.6530,13.7400,512.6000,0.0513,5.4300,2.5400,0.0429
10.3600,8.7210,13.8560,523.3000,0.0679,5.5950,3.9600,0.0497
9.9000,8.5170,12.2840,518.3000,0.0644,5.3630,4.1900,0.0589
9.4100,8.4830,11.8360,523.9000,0.0607,5.4050,4.7900,0.0606
9.4800,8.5450,12.6560,518.1000,0.0543,5.3340,2.8800,0.0412
10.8200,8.4010,12.9220,495.4000,0.0458,5.1300,1.6500,0.0497
11.2300,8.7350,14.3330,505.2000,0.0498,5.2130,2.0900,0.0314
10.5400,8.6350,13.4500,505.3000,0.0489,5.1540,3.3100,0.0360
10.0300,8.6720,13.0540,519.2000,0.0554,5.3640,5.3200,0.0276
9.7100,8.5060,11.8720,516.1000,0.0587,5.4080,5.2100,0.0323
9.8400,8.5690,12.1370,519.1000,0.0584,5.3500,3.5600,0.0288
10.9300,8.4960,11.9040,520.1000,0.0495,5.2250,1.9600,0.0685
11.4300,8.8730,14.6480,514.9000,0.0486,5.3730,2.7500,0.0253
10.5400,8.8140,13.6380,514.9000,0.0545,5.3780,4.2400,0.0269
9.9600,8.7030,12.7920,515.8000,0.0643,5.2560,5.1800,0.0295
9.6600,8.5770,11.8350,516.4000,0.0629,5.3000,5.4600,0.0317
11.3400,8.7060,13.1340,514.6000,0.0527,5.1330,3.3500,0.0371
12.0900,8.8760,14.2870,512.2000,0.0478,5.1120,2.9000,0.0306
10.9900,8.8140,13.7640,506.5000,0.0493,4.9730,5.0000,0.0301
10.3700,8.7380,13.0870,512.2000,0.0520,5.0730,6.4000,0.0313
9.9800,8.6460,12.5170,511.7000,0.0577,5.1020,8.1400,0.0279
9.9600,8.6100,12.2310,512.7000,0.0509,5.0950,3.4900,0.0280
12.6000,8.8710,14.2940,509.3000,0.0484,4.9790,3.1500,0.0333
11.4400,8.8470,14.0560,505.2000,0.0502,4.8880,6.8800,0.0296
10.4100,8.6670,12.4660,510.9000,0.0613,5.0300,8.1100,0.0321
11.1200,8.7760,13.8370,509.0000,0.0499,4.8120,2.4200,0.0273
12.0300,8.8390,14.4200,501.6000,0.0533,4.7640,2.6900,0.0305
11.3700,8.8470,14.4210,511.8000,0.0539,4.9460,7.0500,0.0310
10.6500,8.7440,13.5910,513.6000,0.0557,4.9160,8.4700,0.0335
10.4100,8.6720,13.0180,516.9000,0.0612,4.9590,9.2800,0.0309
10.5800,8.6800,13.2390,517.7000,0.0496,4.9180,3.1600,0.0262
11.7100,8.7710,14.1440,511.5000,0.0496,4.7910,2.8000,0.0293
12.3700,8.9090,15.3160,511.3000,0.0522,4.7440,2.6300,0.0278
11.7500,8.8110,14.8380,510.3000,0.0514,4.7080,7.0900,0.0361
11.1900,8.7270,13.5240,516.0000,0.0560,4.6800,9.5400,0.0355
10.9000,8.6500,12.7710,522.3000,0.0555,4.7420,11.4700,0.0359
10.5900,8.5910,12.1480,522.5000,0.0490,4.6090,4.2000,0.0318
11.4500,8.6670,12.8040,520.9000,0.0467,4.6180,3.9700,0.0355
12.0700,8.7570,13.3660,517.2000,0.0467,4.6180,3.4600,0.0355
11.4100,8.7190,13.0590,524.8000,0.0561,4.5910,10.8700,0.0307
11.1500,8.6460,12.6650,531.8000,0.0592,4.5950,13.4700,0.0289
10.9400,8.5580,11.9580,533.7000,0.0582,4.6480,10.8200,0.0385
10.8000,8.5610,11.8910,537.3000,0.0470,4.5110,5.0900,0.0293
11.7000,8.7780,13.4370,536.5000,0.0467,4.4640,3.2200,0.0263
11.0000,8.7160,12.8790,537.4000,0.0536,4.3680,12.9100,0.0309
10.5600,8.6350,12.3510,540.1000,0.0597,4.4900,17.2500,0.0325
10.1700,8.5450,11.4970,546.1000,0.0545,4.5270,12.5300,0.0280
9.7300,8.4300,10.8560,541.3000,0.0434,4.3860,4.4900,0.0384
11.8700,8.6400,12.4350,546.4000,0.0440,4.2930,3.2800,0.0285
11.7600,8.7700,13.3470,547.5000,0.0514,4.2770,11.9500,0.0296
11.0100,8.6530,12.5190,550.7000,0.0546,4.2490,14.6700,0.0404
10.5400,8.6150,12.0420,552.8000,0.0569,4.3930,15.1400,0.0334